Date,adjclose
2014-09-17,457.334
2014-09-18,424.44
2014-09-19,394.796
2014-09-20,408.904
2014-09-21,398.821
2014-09-22,402.152
2014-09-23,435.791
2014-09-24,423.205
2014-09-25,411.574
2014-09-26,404.425
2014-09-27,399.52
2014-09-28,377.181
2014-09-29,375.467
2014-09-30,386.944
2014-10-01,383.615
2014-10-02,375.072
2014-10-03,359.512
2014-10-04,328.866
2014-10-05,320.51
2014-10-06,330.079
2014-10-07,336.187
2014-10-08,352.94
2014-10-09,365.026
2014-10-10,361.562
2014-10-11,362.299
2014-10-12,378.549
2014-10-13,390.414
2014-10-14,400.87
2014-10-15,394.773
2014-10-16,382.556
2014-10-17,383.758
2014-10-18,391.442
2014-10-19,389.546
2014-10-20,382.845
2014-10-21,386.475
2014-10-22,383.158
2014-10-23,358.417
2014-10-24,358.345
2014-10-25,347.271
2014-10-26,354.704
2014-10-27,352.989
2014-10-28,357.618
2014-10-29,335.591
2014-10-30,345.305
2014-10-31,338.321
2014-11-01,325.749
2014-11-02,325.892
2014-11-03,327.554
2014-11-04,330.492
2014-11-05,339.486
2014-11-06,349.29
2014-11-07,342.415
2014-11-08,345.488
2014-11-09,363.264
2014-11-10,366.924
2014-11-11,367.695
2014-11-12,423.561
2014-11-13,420.735
2014-11-14,397.818
2014-11-15,376.133
2014-11-16,387.882
2014-11-17,387.408
2014-11-18,375.198
2014-11-19,380.555
2014-11-20,357.84
2014-11-21,350.848
2014-11-22,352.92
2014-11-23,367.573
2014-11-24,376.901
2014-11-25,375.348
2014-11-26,368.37
2014-11-27,369.67
2014-11-28,376.447
2014-11-29,375.491
2014-11-30,378.047
2014-12-01,379.245
2014-12-02,381.315
2014-12-03,375.01
2014-12-04,369.604
2014-12-05,376.854
2014-12-06,374.785
2014-12-07,375.095
2014-12-08,361.909
2014-12-09,352.219
2014-12-10,346.365
2014-12-11,350.506
2014-12-12,352.542
2014-12-13,347.376
2014-12-14,351.632
2014-12-15,345.345
2014-12-16,327.062
2014-12-17,319.776
2014-12-18,311.396
2014-12-19,317.843
2014-12-20,329.956
2014-12-21,320.843
2014-12-22,331.886
2014-12-23,334.572
2014-12-24,322.534
2014-12-25,319.008
2014-12-26,327.924
2014-12-27,315.863
2014-12-28,317.239
2014-12-29,312.67
2014-12-30,310.737
2014-12-31,320.193
2015-01-01,314.249
2015-01-02,315.032
2015-01-03,281.082
2015-01-04,264.195
2015-01-05,274.474
2015-01-06,286.189
2015-01-07,294.337
2015-01-08,283.349
2015-01-09,290.408
2015-01-10,274.796
2015-01-11,265.66
2015-01-12,267.796
2015-01-13,225.861
2015-01-14,178.103
2015-01-15,209.844
2015-01-16,208.097
2015-01-17,199.26
2015-01-18,210.339
2015-01-19,214.861
2015-01-20,211.315
2015-01-21,226.897
2015-01-22,233.406
2015-01-23,232.879
2015-01-24,247.847
2015-01-25,253.718
2015-01-26,273.473
2015-01-27,263.475
2015-01-28,233.915
2015-01-29,233.513
2015-01-30,226.425
2015-01-31,217.464
2015-02-01,226.972
2015-02-02,238.229
2015-02-03,227.268
2015-02-04,226.853
2015-02-05,217.111
2015-02-06,222.266
2015-02-07,227.754
2015-02-08,223.412
2015-02-09,220.11
2015-02-10,219.839
2015-02-11,219.185
2015-02-12,221.764
2015-02-13,235.427
2015-02-14,257.321
2015-02-15,234.825
2015-02-16,233.843
2015-02-17,243.61
2015-02-18,236.326
2015-02-19,240.283
2015-02-20,243.779
2015-02-21,244.534
2015-02-22,235.977
2015-02-23,238.892
2015-02-24,238.735
2015-02-25,237.47
2015-02-26,236.426
2015-02-27,253.828
2015-02-28,254.263
2015-03-01,260.202
2015-03-02,275.67
2015-03-03,281.702
2015-03-04,273.092
2015-03-05,276.178
2015-03-06,272.723
2015-03-07,276.261
2015-03-08,274.354
2015-03-09,289.607
2015-03-10,291.76
2015-03-11,296.379
2015-03-12,294.354
2015-03-13,285.337
2015-03-14,281.885
2015-03-15,286.393
2015-03-16,290.593
2015-03-17,285.505
2015-03-18,256.299
2015-03-19,260.928
2015-03-20,261.749
2015-03-21,260.025
2015-03-22,267.96
2015-03-23,266.74
2015-03-24,245.595
2015-03-25,246.197
2015-03-26,248.532
2015-03-27,247.029
2015-03-28,252.798
2015-03-29,242.713
2015-03-30,247.526
2015-03-31,244.224
2015-04-01,247.272
2015-04-02,253.005
2015-04-03,254.322
2015-04-04,253.697
2015-04-05,260.598
2015-04-06,255.492
2015-04-07,253.18
2015-04-08,245.022
2015-04-09,243.676
2015-04-10,236.072
2015-04-11,236.552
2015-04-12,236.153
2015-04-13,224.587
2015-04-14,219.159
2015-04-15,223.833
2015-04-16,228.573
2015-04-17,222.882
2015-04-18,223.356
2015-04-19,222.6
2015-04-20,224.626
2015-04-21,235.269
2015-04-22,234.176
2015-04-23,236.462
2015-04-24,231.268
2015-04-25,226.39
2015-04-26,219.43
2015-04-27,229.286
2015-04-28,225.855
2015-04-29,225.808
2015-04-30,236.145
2015-05-01,232.079
2015-05-02,234.93
2015-05-03,240.358
2015-05-04,239.018
2015-05-05,236.121
2015-05-06,229.782
2015-05-07,237.334
2015-05-08,243.863
2015-05-09,241.832
2015-05-10,240.296
2015-05-11,242.158
2015-05-12,241.112
2015-05-13,236.377
2015-05-14,236.929
2015-05-15,237.605
2015-05-16,236.153
2015-05-17,236.802
2015-05-18,233.128
2015-05-19,231.947
2015-05-20,234.018
2015-05-21,235.344
2015-05-22,240.348
2015-05-23,238.872
2015-05-24,240.953
2015-05-25,237.11
2015-05-26,237.116
2015-05-27,237.283
2015-05-28,237.408
2015-05-29,237.096
2015-05-30,233.345
2015-05-31,230.19
2015-06-01,222.926
2015-06-02,225.803
2015-06-03,225.874
2015-06-04,224.324
2015-06-05,224.952
2015-06-06,225.619
2015-06-07,222.881
2015-06-08,228.489
2015-06-09,229.048
2015-06-10,228.803
2015-06-11,229.705
2015-06-12,229.982
2015-06-13,232.402
2015-06-14,233.543
2015-06-15,236.823
2015-06-16,250.895
2015-06-17,249.284
2015-06-18,249.007
2015-06-19,244.606
2015-06-20,245.212
2015-06-21,243.944
2015-06-22,246.99
2015-06-23,244.296
2015-06-24,240.515
2015-06-25,242.799
2015-06-26,243.594
2015-06-27,250.99
2015-06-28,249.011
2015-06-29,257.064
2015-06-30,263.072
2015-07-01,258.621
2015-07-02,255.412
2015-07-03,256.336
2015-07-04,260.886
2015-07-05,271.913
2015-07-06,269.03
2015-07-07,266.207
2015-07-08,270.785
2015-07-09,269.228
2015-07-10,284.894
2015-07-11,293.115
2015-07-12,310.867
2015-07-13,292.054
2015-07-14,287.464
2015-07-15,285.829
2015-07-16,278.089
2015-07-17,279.472
2015-07-18,274.901
2015-07-19,273.614
2015-07-20,278.981
2015-07-21,275.833
2015-07-22,277.222
2015-07-23,276.049
2015-07-24,288.278
2015-07-25,288.697
2015-07-26,292.686
2015-07-27,293.624
2015-07-28,294.427
2015-07-29,289.59
2015-07-30,287.722
2015-07-31,284.65
2015-08-01,281.601
2015-08-02,282.614
2015-08-03,281.227
2015-08-04,285.218
2015-08-05,281.882
2015-08-06,278.577
2015-08-07,279.585
2015-08-08,260.997
2015-08-09,265.083
2015-08-10,264.47
2015-08-11,270.386
2015-08-12,266.376
2015-08-13,264.08
2015-08-14,265.68
2015-08-15,261.551
2015-08-16,258.507
2015-08-17,257.976
2015-08-18,211.079
2015-08-19,226.684
2015-08-20,235.35
2015-08-21,232.569
2015-08-22,230.39
2015-08-23,228.169
2015-08-24,210.495
2015-08-25,221.609
2015-08-26,225.831
2015-08-27,224.769
2015-08-28,231.396
2015-08-29,229.78
2015-08-30,228.761
2015-08-31,230.056
2015-09-01,228.121
2015-09-02,229.284
2015-09-03,227.183
2015-09-04,230.298
2015-09-05,235.019
2015-09-06,239.84
2015-09-07,239.847
2015-09-08,243.607
2015-09-09,238.168
2015-09-10,238.477
2015-09-11,240.107
2015-09-12,235.229
2015-09-13,230.512
2015-09-14,230.644
2015-09-15,230.304
2015-09-16,229.091
2015-09-17,229.81
2015-09-18,232.975
2015-09-19,231.493
2015-09-20,231.212
2015-09-21,227.085
2015-09-22,230.618
2015-09-23,230.283
2015-09-24,234.529
2015-09-25,235.144
2015-09-26,234.34
2015-09-27,232.757
2015-09-28,239.142
2015-09-29,236.687
2015-09-30,236.06
2015-10-01,237.549
2015-10-02,237.293
2015-10-03,238.73
2015-10-04,238.259
2015-10-05,240.383
2015-10-06,246.063
2015-10-07,242.969
2015-10-08,242.304
2015-10-09,243.931
2015-10-10,244.941
2015-10-11,247.05
2015-10-12,245.308
2015-10-13,249.508
2015-10-14,251.989
2015-10-15,254.32
2015-10-16,262.869
2015-10-17,270.64
2015-10-18,261.643
2015-10-19,263.437
2015-10-20,269.463
2015-10-21,266.272
2015-10-22,274.023
2015-10-23,276.496
2015-10-24,281.654
2015-10-25,283.68
2015-10-26,285.3
2015-10-27,293.788
2015-10-28,304.618
2015-10-29,313.855
2015-10-30,328.015
2015-10-31,314.166
2015-11-01,325.431
2015-11-02,361.189
2015-11-03,403.417
2015-11-04,411.563
2015-11-05,386.354
2015-11-06,374.47
2015-11-07,386.482
2015-11-08,373.368
2015-11-09,380.257
2015-11-10,336.819
2015-11-11,311.084
2015-11-12,338.152
2015-11-13,336.753
2015-11-14,332.906
2015-11-15,320.166
2015-11-16,330.751
2015-11-17,335.094
2015-11-18,334.59
2015-11-19,326.149
2015-11-20,322.022
2015-11-21,326.927
2015-11-22,324.536
2015-11-23,323.046
2015-11-24,320.046
2015-11-25,328.206
2015-11-26,352.684
2015-11-27,358.042
2015-11-28,357.381
2015-11-29,371.294
2015-11-30,377.321
2015-12-01,362.488
2015-12-02,359.187
2015-12-03,361.046
2015-12-04,363.183
2015-12-05,388.949
2015-12-06,388.783
2015-12-07,395.536
2015-12-08,415.563
2015-12-09,417.563
2015-12-10,415.479
2015-12-11,451.938
2015-12-12,434.997
2015-12-13,433.755
2015-12-14,444.182
2015-12-15,465.321
2015-12-16,454.934
2015-12-17,456.078
2015-12-18,463.616
2015-12-19,462.322
2015-12-20,442.685
2015-12-21,438.639
2015-12-22,436.572
2015-12-23,442.401
2015-12-24,454.985
2015-12-25,455.653
2015-12-26,417.274
2015-12-27,422.823
2015-12-28,422.279
2015-12-29,432.983
2015-12-30,426.62
2015-12-31,430.567
2016-01-01,434.334
2016-01-02,433.438
2016-01-03,430.011
2016-01-04,433.091
2016-01-05,431.96
2016-01-06,429.105
2016-01-07,458.048
2016-01-08,453.23
2016-01-09,447.611
2016-01-10,447.991
2016-01-11,448.428
2016-01-12,435.69
2016-01-13,432.371
2016-01-14,430.306
2016-01-15,364.331
2016-01-16,387.536
2016-01-17,382.299
2016-01-18,387.168
2016-01-19,380.149
2016-01-20,420.23
2016-01-21,410.262
2016-01-22,382.492
2016-01-23,387.491
2016-01-24,402.971
2016-01-25,391.726
2016-01-26,392.153
2016-01-27,394.972
2016-01-28,380.289
2016-01-29,379.474
2016-01-30,378.255
2016-01-31,368.767
2016-02-01,373.056
2016-02-02,374.448
2016-02-03,369.949
2016-02-04,389.594
2016-02-05,386.549
2016-02-06,376.522
2016-02-07,376.62
2016-02-08,373.447
2016-02-09,376.029
2016-02-10,381.649
2016-02-11,379.654
2016-02-12,384.263
2016-02-13,391.86
2016-02-14,407.23
2016-02-15,400.185
2016-02-16,407.488
2016-02-17,416.322
2016-02-18,422.373
2016-02-19,420.785
2016-02-20,437.164
2016-02-21,438.798
2016-02-22,437.748
2016-02-23,420.736
2016-02-24,424.955
2016-02-25,424.544
2016-02-26,432.152
2016-02-27,432.519
2016-02-28,433.504
2016-02-29,437.697
2016-03-01,435.123
2016-03-02,423.989
2016-03-03,421.651
2016-03-04,410.939
2016-03-05,400.57
2016-03-06,407.707
2016-03-07,414.321
2016-03-08,413.972
2016-03-09,414.86
2016-03-10,417.131
2016-03-11,421.69
2016-03-12,411.624
2016-03-13,414.065
2016-03-14,416.438
2016-03-15,416.83
2016-03-16,417.011
2016-03-17,420.621
2016-03-18,409.548
2016-03-19,410.444
2016-03-20,413.755
2016-03-21,413.307
2016-03-22,418.089
2016-03-23,418.041
2016-03-24,416.394
2016-03-25,417.177
2016-03-26,417.945
2016-03-27,426.765
2016-03-28,424.231
2016-03-29,416.516
2016-03-30,414.816
2016-03-31,416.729
2016-04-01,417.96
2016-04-02,420.873
2016-04-03,420.904
2016-04-04,421.444
2016-04-05,424.03
2016-04-06,423.413
2016-04-07,422.745
2016-04-08,420.349
2016-04-09,419.411
2016-04-10,421.564
2016-04-11,422.483
2016-04-12,425.19
2016-04-13,423.734
2016-04-14,424.282
2016-04-15,429.713
2016-04-16,430.572
2016-04-17,427.399
2016-04-18,428.591
2016-04-19,435.509
2016-04-20,441.389
2016-04-21,449.425
2016-04-22,445.737
2016-04-23,450.282
2016-04-24,458.555
2016-04-25,461.426
2016-04-26,466.089
2016-04-27,444.687
2016-04-28,449.011
2016-04-29,455.097
2016-04-30,448.318
2016-05-01,451.875
2016-05-02,444.669
2016-05-03,450.304
2016-05-04,446.722
2016-05-05,447.976
2016-05-06,459.603
2016-05-07,458.536
2016-05-08,458.548
2016-05-09,460.483
2016-05-10,450.895
2016-05-11,452.728
2016-05-12,454.766
2016-05-13,455.67
2016-05-14,455.671
2016-05-15,457.568
2016-05-16,454.163
2016-05-17,453.783
2016-05-18,454.619
2016-05-19,438.715
2016-05-20,442.676
2016-05-21,443.188
2016-05-22,439.323
2016-05-23,444.155
2016-05-24,445.981
2016-05-25,449.599
2016-05-26,453.384
2016-05-27,473.464
2016-05-28,530.04
2016-05-29,526.233
2016-05-30,533.864
2016-05-31,531.386
2016-06-01,536.92
2016-06-02,537.972
2016-06-03,569.194
2016-06-04,572.727
2016-06-05,574.977
2016-06-06,585.537
2016-06-07,576.597
2016-06-08,581.645
2016-06-09,574.63
2016-06-10,577.47
2016-06-11,606.727
2016-06-12,672.784
2016-06-13,704.376
2016-06-14,685.559
2016-06-15,694.469
2016-06-16,766.308
2016-06-17,748.909
2016-06-18,756.227
2016-06-19,763.781
2016-06-20,737.226
2016-06-21,666.652
2016-06-22,596.116
2016-06-23,623.977
2016-06-24,665.299
2016-06-25,665.123
2016-06-26,629.367
2016-06-27,655.275
2016-06-28,647.001
2016-06-29,639.89
2016-06-30,673.337
2016-07-01,676.296
2016-07-02,703.702
2016-07-03,658.664
2016-07-04,683.662
2016-07-05,670.627
2016-07-06,677.331
2016-07-07,640.562
2016-07-08,666.523
2016-07-09,650.96
2016-07-10,649.36
2016-07-11,647.659
2016-07-12,664.551
2016-07-13,654.468
2016-07-14,658.078
2016-07-15,663.255
2016-07-16,660.767
2016-07-17,679.459
2016-07-18,673.106
2016-07-19,672.864
2016-07-20,665.685
2016-07-21,665.012
2016-07-22,650.619
2016-07-23,655.556
2016-07-24,661.285
2016-07-25,654.097
2016-07-26,651.784
2016-07-27,654.352
2016-07-28,655.035
2016-07-29,656.992
2016-07-30,655.047
2016-07-31,624.681
2016-08-01,606.272
2016-08-02,547.465
2016-08-03,566.355
2016-08-04,578.289
2016-08-05,575.043
2016-08-06,587.778
2016-08-07,592.69
2016-08-08,591.054
2016-08-09,587.801
2016-08-10,592.103
2016-08-11,589.12
2016-08-12,587.559
2016-08-13,585.588
2016-08-14,570.473
2016-08-15,567.24
2016-08-16,577.439
2016-08-17,573.216
2016-08-18,574.318
2016-08-19,575.63
2016-08-20,581.697
2016-08-21,581.308
2016-08-22,586.753
2016-08-23,583.415
2016-08-24,580.182
2016-08-25,577.761
2016-08-26,579.651
2016-08-27,569.947
2016-08-28,573.912
2016-08-29,574.107
2016-08-30,577.503
2016-08-31,575.472
2016-09-01,572.303
2016-09-02,575.537
2016-09-03,598.212
2016-09-04,608.634
2016-09-05,606.59
2016-09-06,610.436
2016-09-07,614.544
2016-09-08,626.316
2016-09-09,622.861
2016-09-10,623.509
2016-09-11,606.719
2016-09-12,608.243
2016-09-13,609.241
2016-09-14,610.684
2016-09-15,607.155
2016-09-16,606.973
2016-09-17,605.984
2016-09-18,609.874
2016-09-19,609.227
2016-09-20,608.312
2016-09-21,597.149
2016-09-22,596.298
2016-09-23,602.842
2016-09-24,602.625
2016-09-25,600.826
2016-09-26,608.043
2016-09-27,606.166
2016-09-28,604.728
2016-09-29,605.693
2016-09-30,609.735
2016-10-01,613.983
2016-10-02,610.892
2016-10-03,612.133
2016-10-04,610.204
2016-10-05,612.511
2016-10-06,613.021
2016-10-07,617.121
2016-10-08,619.108
2016-10-09,616.752
2016-10-10,618.994
2016-10-11,641.072
2016-10-12,636.192
2016-10-13,636.786
2016-10-14,640.378
2016-10-15,638.646
2016-10-16,641.631
2016-10-17,639.193
2016-10-18,637.96
2016-10-19,630.52
2016-10-20,630.857
2016-10-21,632.828
2016-10-22,657.294
2016-10-23,657.071
2016-10-24,653.761
2016-10-25,657.588
2016-10-26,678.304
2016-10-27,688.313
2016-10-28,689.651
2016-10-29,714.479
2016-10-30,701.864
2016-10-31,700.972
2016-11-01,729.793
2016-11-02,740.829
2016-11-03,688.7
2016-11-04,703.235
2016-11-05,703.418
2016-11-06,711.522
2016-11-07,703.131
2016-11-08,709.848
2016-11-09,723.273
2016-11-10,715.534
2016-11-11,716.411
2016-11-12,705.054
2016-11-13,702.031
2016-11-14,705.021
2016-11-15,711.619
2016-11-16,744.198
2016-11-17,740.977
2016-11-18,751.585
2016-11-19,751.616
2016-11-20,731.026
2016-11-21,739.248
2016-11-22,751.347
2016-11-23,744.594
2016-11-24,740.289
2016-11-25,741.649
2016-11-26,735.382
2016-11-27,732.035
2016-11-28,735.813
2016-11-29,735.604
2016-11-30,745.691
2016-12-01,756.774
2016-12-02,777.944
2016-12-03,771.155
2016-12-04,773.872
2016-12-05,758.7
2016-12-06,764.224
2016-12-07,768.132
2016-12-08,770.81
2016-12-09,772.794
2016-12-10,774.65
2016-12-11,769.731
2016-12-12,780.087
2016-12-13,780.556
2016-12-14,781.481
2016-12-15,778.088
2016-12-16,784.907
2016-12-17,790.829
2016-12-18,790.53
2016-12-19,792.714
2016-12-20,800.876
2016-12-21,834.281
2016-12-22,864.54
2016-12-23,921.984
2016-12-24,898.822
2016-12-25,896.183
2016-12-26,907.61
2016-12-27,933.198
2016-12-28,975.921
2016-12-29,973.497
2016-12-30,961.238
2016-12-31,963.743
2017-01-01,998.325
2017-01-02,1021.75
2017-01-03,1043.84
2017-01-04,1154.73
2017-01-05,1013.38
2017-01-06,902.201
2017-01-07,908.585
2017-01-08,911.199
2017-01-09,902.828
2017-01-10,907.679
2017-01-11,777.757
2017-01-12,804.834
2017-01-13,823.984
2017-01-14,818.412
2017-01-15,821.798
2017-01-16,831.534
2017-01-17,907.938
2017-01-18,886.618
2017-01-19,899.073
2017-01-20,895.026
2017-01-21,921.789
2017-01-22,924.673
2017-01-23,921.012
2017-01-24,892.687
2017-01-25,901.542
2017-01-26,917.586
2017-01-27,919.75
2017-01-28,921.59
2017-01-29,919.496
2017-01-30,920.382
2017-01-31,970.403
2017-02-01,989.023
2017-02-02,1011.8
2017-02-03,1029.91
2017-02-04,1042.9
2017-02-05,1027.34
2017-02-06,1038.15
2017-02-07,1061.35
2017-02-08,1063.0699
2017-02-09,994.383
2017-02-10,988.674
2017-02-11,1004.45
2017-02-12,999.181
2017-02-13,990.642
2017-02-14,1004.55
2017-02-15,1007.48
2017-02-16,1027.4399
2017-02-17,1046.21
2017-02-18,1054.42
2017-02-19,1047.87
2017-02-20,1079.98
2017-02-21,1115.3
2017-02-22,1117.4399
2017-02-23,1166.72
2017-02-24,1173.6801
2017-02-25,1143.84
2017-02-26,1165.2
2017-02-27,1179.97
2017-02-28,1179.97
2017-03-01,1222.5
2017-03-02,1251.01
2017-03-03,1274.99
2017-03-04,1255.15
2017-03-05,1267.12
2017-03-06,1272.83
2017-03-07,1223.54
2017-03-08,1150.0
2017-03-09,1188.49
2017-03-10,1116.72
2017-03-11,1175.83
2017-03-12,1221.38
2017-03-13,1231.92
2017-03-14,1240.0
2017-03-15,1249.61
2017-03-16,1187.8101
2017-03-17,1100.23
2017-03-18,973.818
2017-03-19,1036.74
2017-03-20,1054.23
2017-03-21,1120.54
2017-03-22,1049.14
2017-03-23,1038.59
2017-03-24,937.52
2017-03-25,972.779
2017-03-26,966.725
2017-03-27,1045.77
2017-03-28,1047.15
2017-03-29,1039.97
2017-03-30,1026.4301
2017-03-31,1071.79
2017-04-01,1080.5
2017-04-02,1102.17
2017-04-03,1143.8101
2017-04-04,1133.25
2017-04-05,1124.78
2017-04-06,1182.6801
2017-04-07,1176.9
2017-04-08,1175.95
2017-04-09,1187.87
2017-04-10,1187.13
2017-04-11,1205.01
2017-04-12,1200.37
2017-04-13,1169.28
2017-04-14,1167.54
2017-04-15,1172.52
2017-04-16,1182.9399
2017-04-17,1193.91
2017-04-18,1211.67
2017-04-19,1210.29
2017-04-20,1229.08
2017-04-21,1222.05
2017-04-22,1231.71
2017-04-23,1207.21
2017-04-24,1250.15
2017-04-25,1265.49
2017-04-26,1281.08
2017-04-27,1317.73
2017-04-28,1316.48
2017-04-29,1321.79
2017-04-30,1347.89
2017-05-01,1421.6
2017-05-02,1452.8199
2017-05-03,1490.09
2017-05-04,1537.67
2017-05-05,1555.45
2017-05-06,1578.8
2017-05-07,1596.71
2017-05-08,1723.35
2017-05-09,1755.36
2017-05-10,1787.13
2017-05-11,1848.5699
2017-05-12,1724.24
2017-05-13,1804.91
2017-05-14,1808.91
2017-05-15,1738.4301
2017-05-16,1734.45
2017-05-17,1839.09
2017-05-18,1888.65
2017-05-19,1987.71
2017-05-20,2084.73
2017-05-21,2041.2
2017-05-22,2173.3999
2017-05-23,2320.4199
2017-05-24,2443.6399
2017-05-25,2304.98
2017-05-26,2202.4199
2017-05-27,2038.87
2017-05-28,2155.8
2017-05-29,2255.6101
2017-05-30,2175.47
2017-05-31,2286.4099
2017-06-01,2407.8799
2017-06-02,2488.55
2017-06-03,2515.3501
2017-06-04,2511.8101
2017-06-05,2686.8101
2017-06-06,2863.2
2017-06-07,2732.1599
2017-06-08,2805.6201
2017-06-09,2823.8101
2017-06-10,2947.71
2017-06-11,2958.1101
2017-06-12,2659.6299
2017-06-13,2717.02
2017-06-14,2506.3701
2017-06-15,2464.5801
2017-06-16,2518.5601
2017-06-17,2655.8799
2017-06-18,2548.29
2017-06-19,2589.6001
2017-06-20,2721.79
2017-06-21,2689.1001
2017-06-22,2705.4099
2017-06-23,2744.9099
2017-06-24,2608.72
2017-06-25,2589.4099
2017-06-26,2478.45
2017-06-27,2552.45
2017-06-28,2574.79
2017-06-29,2539.3201
2017-06-30,2480.8401
2017-07-01,2434.55
2017-07-02,2506.47
2017-07-03,2564.0601
2017-07-04,2601.6399
2017-07-05,2601.99
2017-07-06,2608.5601
2017-07-07,2518.6599
2017-07-08,2571.3401
2017-07-09,2518.4399
2017-07-10,2372.5601
2017-07-11,2337.79
2017-07-12,2398.8401
2017-07-13,2357.8999
2017-07-14,2233.3401
2017-07-15,1998.86
2017-07-16,1929.8199
2017-07-17,2228.4099
2017-07-18,2318.8799
2017-07-19,2273.4299
2017-07-20,2817.6001
2017-07-21,2667.76
2017-07-22,2810.1201
2017-07-23,2730.3999
2017-07-24,2754.8601
2017-07-25,2576.48
2017-07-26,2529.45
2017-07-27,2671.78
2017-07-28,2809.01
2017-07-29,2726.45
2017-07-30,2757.1799
2017-07-31,2875.3401
2017-08-01,2718.26
2017-08-02,2710.6699
2017-08-03,2804.73
2017-08-04,2895.8899
2017-08-05,3252.9099
2017-08-06,3213.9399
2017-08-07,3378.9399
2017-08-08,3419.9399
2017-08-09,3342.47
2017-08-10,3381.28
2017-08-11,3650.6201
2017-08-12,3884.71
2017-08-13,4073.26
2017-08-14,4325.1299
2017-08-15,4181.9302
2017-08-16,4376.6299
2017-08-17,4331.6899
2017-08-18,4160.6201
2017-08-19,4193.7002
2017-08-20,4087.6599
2017-08-21,4001.74
2017-08-22,4100.52
2017-08-23,4151.52
2017-08-24,4334.6802
2017-08-25,4371.6001
2017-08-26,4352.3999
2017-08-27,4382.8799
2017-08-28,4382.6602
2017-08-29,4579.02
2017-08-30,4565.2998
2017-08-31,4703.3901
2017-09-01,4892.0098
2017-09-02,4578.77
2017-09-03,4582.96
2017-09-04,4236.3101
2017-09-05,4376.5298
2017-09-06,4597.1201
2017-09-07,4599.8799
2017-09-08,4228.75
2017-09-09,4226.0601
2017-09-10,4122.9399
2017-09-11,4161.27
2017-09-12,4130.8101
2017-09-13,3882.5901
2017-09-14,3154.95
2017-09-15,3637.52
2017-09-16,3625.04
2017-09-17,3582.8799
2017-09-18,4065.2
2017-09-19,3924.97
2017-09-20,3905.95
2017-09-21,3631.04
2017-09-22,3630.7
2017-09-23,3792.3999
2017-09-24,3682.8401
2017-09-25,3926.0701
2017-09-26,3892.3501
2017-09-27,4200.6699
2017-09-28,4174.73
2017-09-29,4163.0698
2017-09-30,4338.71
2017-10-01,4403.7402
2017-10-02,4409.3198
2017-10-03,4317.48
2017-10-04,4229.3599
2017-10-05,4328.4102
2017-10-06,4370.8101
2017-10-07,4426.8901
2017-10-08,4610.48
2017-10-09,4772.02
2017-10-10,4781.9902
2017-10-11,4826.48
2017-10-12,5446.9102
2017-10-13,5647.21
2017-10-14,5831.79
2017-10-15,5678.1899
2017-10-16,5725.5898
2017-10-17,5605.5098
2017-10-18,5590.6899
2017-10-19,5708.52
2017-10-20,6011.4502
2017-10-21,6031.6001
2017-10-22,6008.4199
2017-10-23,5930.3198
2017-10-24,5526.6401
2017-10-25,5750.7998
2017-10-26,5904.8301
2017-10-27,5780.8999
2017-10-28,5753.0898
2017-10-29,6153.8501
2017-10-30,6130.5298
2017-10-31,6468.3999
2017-11-01,6767.3101
2017-11-02,7078.5
2017-11-03,7207.7598
2017-11-04,7379.9502
2017-11-05,7407.4102
2017-11-06,7022.7598
2017-11-07,7144.3799
2017-11-08,7459.6899
2017-11-09,7143.5801
2017-11-10,6618.1401
2017-11-11,6357.6001
2017-11-12,5950.0698
2017-11-13,6559.4902
2017-11-14,6635.75
2017-11-15,7315.54
2017-11-16,7871.6899
2017-11-17,7708.9902
2017-11-18,7790.1499
2017-11-19,8036.4902
2017-11-20,8200.6396
2017-11-21,8071.2598
2017-11-22,8253.5498
2017-11-23,8038.77
2017-11-24,8253.6904
2017-11-25,8790.9199
2017-11-26,9330.5498
2017-11-27,9818.3496
2017-11-28,10058.7998
2017-11-29,9888.6104
2017-11-30,10233.5996
2017-12-01,10975.5996
2017-12-02,11074.5996
2017-12-03,11323.2002
2017-12-04,11657.2002
2017-12-05,11916.7002
2017-12-06,14291.5
2017-12-07,17899.6992
2017-12-08,16569.4004
2017-12-09,15178.2002
2017-12-10,15455.4004
2017-12-11,16936.8008
2017-12-12,17415.4004
2017-12-13,16408.1992
2017-12-14,16564.0
2017-12-15,17706.9004
2017-12-16,19497.4004
2017-12-17,19140.8008
2017-12-18,19114.1992
2017-12-19,17776.6992
2017-12-20,16624.5996
2017-12-21,15802.9004
2017-12-22,13831.7998
2017-12-23,14699.2002
2017-12-24,13925.7998
2017-12-25,14026.5996
2017-12-26,16099.7998
2017-12-27,15838.5
2017-12-28,14606.5
2017-12-29,14656.2002
2017-12-30,12952.2002
2017-12-31,14156.4004
2018-01-01,13657.2002
2018-01-02,14982.0996
2018-01-03,15201.0
2018-01-04,15599.2002
2018-01-05,17429.5
2018-01-06,17527.0
2018-01-07,16477.5996
2018-01-08,15170.0996
2018-01-09,14595.4004
2018-01-10,14973.2998
2018-01-11,13405.7998
2018-01-12,13980.5996
2018-01-13,14360.2002
2018-01-14,13772.0
2018-01-15,13819.7998
2018-01-16,11490.5
2018-01-17,11188.5996
2018-01-18,11474.9004
2018-01-19,11607.4004
2018-01-20,12899.2002
2018-01-21,11600.0996
2018-01-22,10931.4004
2018-01-23,10868.4004
2018-01-24,11359.4004
2018-01-25,11259.4004
2018-01-26,11171.4004
2018-01-27,11440.7002
2018-01-28,11786.2998
2018-01-29,11296.4004
2018-01-30,10106.2998
2018-01-31,10221.0996
2018-02-01,9170.54
2018-02-02,8830.75
2018-02-03,9174.9102
2018-02-04,8277.0098
2018-02-05,6955.27
2018-02-06,7754.0
2018-02-07,7621.2998
2018-02-08,8265.5898
2018-02-09,8736.9805
2018-02-10,8621.9004
2018-02-11,8129.9702
2018-02-12,8926.5703
2018-02-13,8598.3096
2018-02-14,9494.6299
2018-02-15,10166.4004
2018-02-16,10233.9004
2018-02-17,11112.7002
2018-02-18,10551.7998
2018-02-19,11225.2998
2018-02-20,11403.7002
2018-02-21,10690.4004
2018-02-22,10005.0
2018-02-23,10301.0996
2018-02-24,9813.0703
2018-02-25,9664.7305
2018-02-26,10366.7002
2018-02-27,10725.5996
2018-02-28,10397.9004
2018-03-01,10951.0
2018-03-02,11086.4004
2018-03-03,11489.7002
2018-03-04,11512.5996
2018-03-05,11573.2998
2018-03-06,10779.9004
2018-03-07,9965.5703
2018-03-08,9395.0098
2018-03-09,9337.5498
2018-03-10,8866.0
2018-03-11,9578.6299
2018-03-12,9205.1201
2018-03-13,9194.8496
2018-03-14,8269.8096
2018-03-15,8300.8604
2018-03-16,8338.3496
2018-03-17,7916.8799
2018-03-18,8223.6797
2018-03-19,8630.6504
2018-03-20,8913.4697
2018-03-21,8929.2803
2018-03-22,8728.4697
2018-03-23,8879.6201
2018-03-24,8668.1201
2018-03-25,8495.7803
2018-03-26,8209.4004
2018-03-27,7833.04
2018-03-28,7954.48
2018-03-29,7165.7002
2018-03-30,6890.52
2018-03-31,6973.5298
2018-04-01,6844.23
2018-04-02,7083.7998
2018-04-03,7456.1099
2018-04-04,6853.8398
2018-04-05,6811.4702
2018-04-06,6636.3198
2018-04-07,6911.0898
2018-04-08,7023.52
2018-04-09,6770.73
2018-04-10,6834.7598
2018-04-11,6968.3198
2018-04-12,7889.25
2018-04-13,7895.96
2018-04-14,7986.2402
2018-04-15,8329.1104
2018-04-16,8058.6699
2018-04-17,7902.0898
2018-04-18,8163.4199
2018-04-19,8294.3096
2018-04-20,8845.8301
2018-04-21,8895.5801
2018-04-22,8802.46
2018-04-23,8930.8799
2018-04-24,9697.5
2018-04-25,8845.7402
2018-04-26,9281.5098
2018-04-27,8987.0498
2018-04-28,9348.4805
2018-04-29,9419.0801
2018-04-30,9240.5498
2018-05-01,9119.0098
2018-05-02,9235.9199
2018-05-03,9743.8604
2018-05-04,9700.7598
2018-05-05,9858.1504
2018-05-06,9654.7998
2018-05-07,9373.0098
2018-05-08,9234.8203
2018-05-09,9325.1797
2018-05-10,9043.9404
2018-05-11,8441.4902
2018-05-12,8504.8896
2018-05-13,8723.9404
2018-05-14,8716.79
2018-05-15,8510.3799
2018-05-16,8368.8301
2018-05-17,8094.3198
2018-05-18,8250.9697
2018-05-19,8247.1797
2018-05-20,8513.25
2018-05-21,8418.9902
2018-05-22,8041.7798
2018-05-23,7557.8198
2018-05-24,7587.3398
2018-05-25,7480.1401
2018-05-26,7355.8799
2018-05-27,7368.2202
2018-05-28,7135.9902
2018-05-29,7472.5898
2018-05-30,7406.52
2018-05-31,7494.1699
2018-06-01,7541.4502
2018-06-02,7643.4502
2018-06-03,7720.25
2018-06-04,7514.4702
2018-06-05,7633.7598
2018-06-06,7653.98
2018-06-07,7678.2402
2018-06-08,7624.9199
2018-06-09,7531.98
2018-06-10,6786.02
2018-06-11,6906.9199
2018-06-12,6582.3599
2018-06-13,6349.8999
2018-06-14,6675.3501
2018-06-15,6456.5801
2018-06-16,6550.1602
2018-06-17,6499.27
2018-06-18,6734.8198
2018-06-19,6769.9399
2018-06-20,6776.5498
2018-06-21,6729.7402
2018-06-22,6083.6899
2018-06-23,6162.48
2018-06-24,6173.23
2018-06-25,6249.1802
2018-06-26,6093.6699
2018-06-27,6157.1299
2018-06-28,5903.4399
2018-06-29,6218.2998
2018-06-30,6404.0
2018-07-01,6385.8198
2018-07-02,6614.1802
2018-07-03,6529.5898
2018-07-04,6597.5498
2018-07-05,6639.1401
2018-07-06,6673.5
2018-07-07,6856.9302
2018-07-08,6773.8799
2018-07-09,6741.75
2018-07-10,6329.9502
2018-07-11,6394.71
2018-07-12,6228.8101
2018-07-13,6238.0498
2018-07-14,6276.1201
2018-07-15,6359.6401
2018-07-16,6741.75
2018-07-17,7321.04
2018-07-18,7370.7798
2018-07-19,7466.8599
2018-07-20,7354.1299
2018-07-21,7419.29
2018-07-22,7418.4902
2018-07-23,7711.1099
2018-07-24,8424.2695
2018-07-25,8181.3901
2018-07-26,7951.5801
2018-07-27,8165.0098
2018-07-28,8192.1504
2018-07-29,8218.46
2018-07-30,8180.48
2018-07-31,7780.4399
2018-08-01,7624.9102
2018-08-02,7567.1499
2018-08-03,7434.3901
2018-08-04,7032.8501
2018-08-05,7068.48
2018-08-06,6951.7998
2018-08-07,6753.1201
2018-08-08,6305.7998
2018-08-09,6568.23
2018-08-10,6184.71
2018-08-11,6295.73
2018-08-12,6322.6899
2018-08-13,6297.5698
2018-08-14,6199.71
2018-08-15,6308.52
2018-08-16,6334.73
2018-08-17,6580.6299
2018-08-18,6423.7598
2018-08-19,6506.0698
2018-08-20,6308.5298
2018-08-21,6488.7598
2018-08-22,6376.71
2018-08-23,6534.8799
2018-08-24,6719.96
2018-08-25,6763.1899
2018-08-26,6707.2598
2018-08-27,6884.6401
2018-08-28,7096.2798
2018-08-29,7047.1602
2018-08-30,6978.23
2018-08-31,7037.5801
2018-09-01,7193.25
2018-09-02,7272.7202
2018-09-03,7260.0601
2018-09-04,7361.6602
2018-09-05,6792.8301
2018-09-06,6529.1699
2018-09-07,6467.0698
2018-09-08,6225.98
2018-09-09,6300.8599
2018-09-10,6329.7002
2018-09-11,6321.2002
2018-09-12,6351.7998
2018-09-13,6517.3101
2018-09-14,6512.71
2018-09-15,6543.2002
2018-09-16,6517.1802
2018-09-17,6281.2002
2018-09-18,6371.2998
2018-09-19,6398.54
2018-09-20,6519.6699
2018-09-21,6734.9502
2018-09-22,6721.98
2018-09-23,6710.6299
2018-09-24,6595.4102
2018-09-25,6446.4702
2018-09-26,6495.0
2018-09-27,6676.75
2018-09-28,6644.1299
2018-09-29,6601.96
2018-09-30,6625.5601
2018-10-01,6589.6201
2018-10-02,6556.1001
2018-10-03,6502.5898
2018-10-04,6576.6899
2018-10-05,6622.48
2018-10-06,6588.3101
2018-10-07,6602.9502
2018-10-08,6652.23
2018-10-09,6642.6401
2018-10-10,6585.5298
2018-10-11,6256.2402
2018-10-12,6274.5801
2018-10-13,6285.9902
2018-10-14,6290.9302
2018-10-15,6596.54
2018-10-16,6596.1099
2018-10-17,6544.4302
2018-10-18,6476.71
2018-10-19,6465.4102
2018-10-20,6489.1899
2018-10-21,6482.3501
2018-10-22,6487.1602
2018-10-23,6475.7402
2018-10-24,6495.8398
2018-10-25,6476.29
2018-10-26,6474.75
2018-10-27,6480.3799
2018-10-28,6486.3901
2018-10-29,6332.6299
2018-10-30,6334.27
2018-10-31,6317.6099
2018-11-01,6377.7798
2018-11-02,6388.4399
2018-11-03,6361.2598
2018-11-04,6376.1299
2018-11-05,6419.6602
2018-11-06,6461.0098
2018-11-07,6530.1401
2018-11-08,6453.7202
2018-11-09,6385.6201
2018-11-10,6409.2202
2018-11-11,6411.27
2018-11-12,6371.27
2018-11-13,6359.4902
2018-11-14,5738.3501
2018-11-15,5648.0298
2018-11-16,5575.5498
2018-11-17,5554.3301
2018-11-18,5623.54
2018-11-19,4871.4902
2018-11-20,4451.8701
2018-11-21,4602.1699
2018-11-22,4365.9399
2018-11-23,4347.1099
2018-11-24,3880.76
2018-11-25,4009.97
2018-11-26,3779.1299
2018-11-27,3820.72
2018-11-28,4257.4199
2018-11-29,4278.8467
2018-11-30,4017.2686
2018-12-01,4214.6719
2018-12-02,4139.8779
2018-12-03,3894.1309
2018-12-04,3956.8938
2018-12-05,3753.9949
2018-12-06,3521.1018
2018-12-07,3419.9373
2018-12-08,3476.1147
2018-12-09,3614.2344
2018-12-10,3502.656
2018-12-11,3424.5881
2018-12-12,3486.9502
2018-12-13,3313.6772
2018-12-14,3242.4849
2018-12-15,3236.7617
2018-12-16,3252.8391
2018-12-17,3545.8647
2018-12-18,3696.0591
2018-12-19,3745.9507
2018-12-20,4134.4414
2018-12-21,3896.5437
2018-12-22,4014.1826
2018-12-23,3998.9802
2018-12-24,4078.5991
2018-12-25,3815.4907
2018-12-26,3857.2976
2018-12-27,3654.8335
2018-12-28,3923.9187
2018-12-29,3820.4087
2018-12-30,3865.9526
2018-12-31,3742.7004
2019-01-01,3843.52
2019-01-02,3943.4094
2019-01-03,3836.7412
2019-01-04,3857.7175
2019-01-05,3845.1946
2019-01-06,4076.6326
2019-01-07,4025.2483
2019-01-08,4030.8479
2019-01-09,4035.2964
2019-01-10,3678.9246
2019-01-11,3687.3655
2019-01-12,3661.301
2019-01-13,3552.9531
2019-01-14,3706.0522
2019-01-15,3630.6753
2019-01-16,3655.0068
2019-01-17,3678.564
2019-01-18,3657.8394
2019-01-19,3728.5684
2019-01-20,3601.0137
2019-01-21,3576.0325
2019-01-22,3604.5771
2019-01-23,3585.123
2019-01-24,3600.8655
2019-01-25,3599.7659
2019-01-26,3602.4604
2019-01-27,3583.9658
2019-01-28,3470.4504
2019-01-29,3448.1169
2019-01-30,3486.1816
2019-01-31,3457.7927
2019-02-01,3487.9453
2019-02-02,3521.0608
2019-02-03,3464.0134
2019-02-04,3459.1541
2019-02-05,3466.3574
2019-02-06,3413.7678
2019-02-07,3399.4717
2019-02-08,3666.7803
2019-02-09,3671.2036
2019-02-10,3690.1882
2019-02-11,3648.4307
2019-02-12,3653.5286
2019-02-13,3632.0706
2019-02-14,3616.8809
2019-02-15,3620.8108
2019-02-16,3629.7876
2019-02-17,3673.8362
2019-02-18,3915.7144
2019-02-19,3947.0945
2019-02-20,3999.8206
2019-02-21,3954.1182
2019-02-22,4005.5266
2019-02-23,4142.5269
2019-02-24,3810.4275
2019-02-25,3882.6963
2019-02-26,3854.3579
2019-02-27,3851.0474
2019-02-28,3854.7854
2019-03-01,3859.5837
2019-03-02,3864.415
2019-03-03,3847.1758
2019-03-04,3761.5571
2019-03-05,3896.375
2019-03-06,3903.9426
2019-03-07,3911.4844
2019-03-08,3901.1316
2019-03-09,3963.3137
2019-03-10,3951.5999
2019-03-11,3905.2273
2019-03-12,3909.1562
2019-03-13,3906.7173
2019-03-14,3924.3691
2019-03-15,3960.9111
2019-03-16,4048.7258
2019-03-17,4025.229
2019-03-18,4032.5073
2019-03-19,4071.1902
2019-03-20,4087.4763
2019-03-21,4029.3269
2019-03-22,4023.9683
2019-03-23,4035.8264
2019-03-24,4022.1682
2019-03-25,3963.0706
2019-03-26,3985.0808
2019-03-27,4087.0662
2019-03-28,4069.1072
2019-03-29,4098.3745
2019-03-30,4106.6602
2019-03-31,4105.4043
2019-04-01,4158.1831
2019-04-02,4879.8779
2019-04-03,4973.022
2019-04-04,4922.7988
2019-04-05,5036.6812
2019-04-06,5059.8174
2019-04-07,5198.897
2019-04-08,5289.771
2019-04-09,5204.9585
2019-04-10,5324.5518
2019-04-11,5064.4878
2019-04-12,5089.5391
2019-04-13,5096.5864
2019-04-14,5167.7222
2019-04-15,5067.1084
2019-04-16,5235.5596
2019-04-17,5251.938
2019-04-18,5298.3857
2019-04-19,5303.8125
2019-04-20,5337.8862
2019-04-21,5314.5312
2019-04-22,5399.3652
2019-04-23,5572.3623
2019-04-24,5464.8667
2019-04-25,5210.5156
2019-04-26,5279.3481
2019-04-27,5268.291
2019-04-28,5285.1392
2019-04-29,5247.3525
2019-04-30,5350.7266
2019-05-01,5402.6973
2019-05-02,5505.2837
2019-05-03,5768.2896
2019-05-04,5831.1675
2019-05-05,5795.7085
2019-05-06,5746.8071
2019-05-07,5829.5015
2019-05-08,5982.4575
2019-05-09,6174.5288
2019-05-10,6378.8491
2019-05-11,7204.7715
2019-05-12,6972.3716
2019-05-13,7814.915
2019-05-14,7994.416
2019-05-15,8205.168
2019-05-16,7884.9092
2019-05-17,7343.8955
2019-05-18,7271.208
2019-05-19,8197.6895
2019-05-20,7978.3091
2019-05-21,7963.3276
2019-05-22,7680.0664
2019-05-23,7881.8467
2019-05-24,7987.3716
2019-05-25,8052.5439
2019-05-26,8673.2158
2019-05-27,8805.7783
2019-05-28,8719.9619
2019-05-29,8659.4873
2019-05-30,8319.4727
2019-05-31,8574.502
2019-06-01,8564.0166
2019-06-02,8742.958
2019-06-03,8208.9951
2019-06-04,7707.771
2019-06-05,7824.2314
2019-06-06,7822.0234
2019-06-07,8043.9512
2019-06-08,7954.1279
2019-06-09,7688.0771
2019-06-10,8000.3296
2019-06-11,7927.7144
2019-06-12,8145.8574
2019-06-13,8230.9238
2019-06-14,8693.833
2019-06-15,8838.375
2019-06-16,8994.4883
2019-06-17,9320.3525
2019-06-18,9081.7627
2019-06-19,9273.5215
2019-06-20,9527.1602
2019-06-21,10144.5566
2019-06-22,10701.6914
2019-06-23,10855.3711
2019-06-24,11011.1025
2019-06-25,11790.917
2019-06-26,13016.2314
2019-06-27,11182.8066
2019-06-28,12407.332
2019-06-29,11959.3711
2019-06-30,10817.1553
2019-07-01,10583.1348
2019-07-02,10801.6777
2019-07-03,11961.2695
2019-07-04,11215.4375
2019-07-05,10978.46
2019-07-06,11208.5508
2019-07-07,11450.8467
2019-07-08,12285.958
2019-07-09,12573.8125
2019-07-10,12156.5127
2019-07-11,11358.6621
2019-07-12,11815.9863
2019-07-13,11392.3789
2019-07-14,10256.0586
2019-07-15,10895.0898
2019-07-16,9477.6416
2019-07-17,9693.8027
2019-07-18,10666.4824
2019-07-19,10530.7324
2019-07-20,10767.1396
2019-07-21,10599.1055
2019-07-22,10343.1064
2019-07-23,9900.7676
2019-07-24,9811.9258
2019-07-25,9911.8418
2019-07-26,9870.3037
2019-07-27,9477.6777
2019-07-28,9552.8604
2019-07-29,9519.1455
2019-07-30,9607.4238
2019-07-31,10085.6279
2019-08-01,10399.6689
2019-08-02,10518.1748
2019-08-03,10821.7266
2019-08-04,10970.1846
2019-08-05,11805.6533
2019-08-06,11478.1689
2019-08-07,11941.9688
2019-08-08,11966.4072
2019-08-09,11862.9365
2019-08-10,11354.0244
2019-08-11,11523.5791
2019-08-12,11382.6162
2019-08-13,10895.8301
2019-08-14,10051.7041
2019-08-15,10311.5459
2019-08-16,10374.3389
2019-08-17,10231.7441
2019-08-18,10345.8105
2019-08-19,10916.0537
2019-08-20,10763.2324
2019-08-21,10138.0498
2019-08-22,10131.0557
2019-08-23,10407.9648
2019-08-24,10159.9609
2019-08-25,10138.5176
2019-08-26,10370.8203
2019-08-27,10185.5
2019-08-28,9754.4229
2019-08-29,9510.2002
2019-08-30,9598.1738
2019-08-31,9630.6641
2019-09-01,9757.9707
2019-09-02,10346.7607
2019-09-03,10623.54
2019-09-04,10594.4932
2019-09-05,10575.5332
2019-09-06,10353.3027
2019-09-07,10517.2549
2019-09-08,10441.2764
2019-09-09,10334.9746
2019-09-10,10115.9756
2019-09-11,10178.3721
2019-09-12,10410.127
2019-09-13,10360.5469
2019-09-14,10358.0488
2019-09-15,10347.7129
2019-09-16,10276.7939
2019-09-17,10241.2725
2019-09-18,10198.248
2019-09-19,10266.415
2019-09-20,10181.6416
2019-09-21,10019.7168
2019-09-22,10070.3926
2019-09-23,9729.3242
2019-09-24,8620.5664
2019-09-25,8486.9932
2019-09-26,8118.9678
2019-09-27,8251.8457
2019-09-28,8245.915
2019-09-29,8104.1855
2019-09-30,8293.8682
2019-10-01,8343.2764
2019-10-02,8393.042
2019-10-03,8259.9922
2019-10-04,8205.9395
2019-10-05,8151.5005
2019-10-06,7988.1558
2019-10-07,8245.623
2019-10-08,8228.7832
2019-10-09,8595.7402
2019-10-10,8586.4736
2019-10-11,8321.7568
2019-10-12,8336.5557
2019-10-13,8321.0059
2019-10-14,8374.6865
2019-10-15,8205.3691
2019-10-16,8047.5269
2019-10-17,8103.9111
2019-10-18,7973.2075
2019-10-19,7988.5605
2019-10-20,8222.0781
2019-10-21,8243.7207
2019-10-22,8078.2031
2019-10-23,7514.6719
2019-10-24,7493.4888
2019-10-25,8660.7002
2019-10-26,9244.9727
2019-10-27,9551.7148
2019-10-28,9256.1484
2019-10-29,9427.6875
2019-10-30,9205.7266
2019-10-31,9199.585
2019-11-01,9261.1045
2019-11-02,9324.7178
2019-11-03,9235.3545
2019-11-04,9412.6123
2019-11-05,9342.5273
2019-11-06,9360.8799
2019-11-07,9267.5615
2019-11-08,8804.8809
2019-11-09,8813.582
2019-11-10,9055.5264
2019-11-11,8757.7881
2019-11-12,8815.6621
2019-11-13,8808.2627
2019-11-14,8708.0947
2019-11-15,8491.9922
2019-11-16,8550.7607
2019-11-17,8577.9756
2019-11-18,8309.2861
2019-11-19,8206.1455
2019-11-20,8027.2681
2019-11-21,7642.75
2019-11-22,7296.5776
2019-11-23,7397.7969
2019-11-24,7047.917
2019-11-25,7146.1338
2019-11-26,7218.3711
2019-11-27,7531.6636
2019-11-28,7463.106
2019-11-29,7761.2437
2019-11-30,7569.6299
2019-12-01,7424.2925
2019-12-02,7321.9883
2019-12-03,7320.1455
2019-12-04,7252.0347
2019-12-05,7448.3076
2019-12-06,7546.9966
2019-12-07,7556.2378
2019-12-08,7564.3452
2019-12-09,7400.8994
2019-12-10,7278.1196
2019-12-11,7217.4272
2019-12-12,7243.1343
2019-12-13,7269.6846
2019-12-14,7124.6738
2019-12-15,7152.3018
2019-12-16,6932.4805
2019-12-17,6640.5151
2019-12-18,7276.8027
2019-12-19,7202.8442
2019-12-20,7218.8164
2019-12-21,7191.1587
2019-12-22,7511.5889
2019-12-23,7355.6284
2019-12-24,7322.5322
2019-12-25,7275.1558
2019-12-26,7238.9668
2019-12-27,7290.0884
2019-12-28,7317.9902
2019-12-29,7422.6528
2019-12-30,7292.9951
2019-12-31,7193.5991
2020-01-01,7200.1743
2020-01-02,6985.4702
2020-01-03,7344.8843
2020-01-04,7410.6567
2020-01-05,7411.3174
2020-01-06,7769.2192
2020-01-07,8163.6924
2020-01-08,8079.8628
2020-01-09,7879.0713
2020-01-10,8166.5542
2020-01-11,8037.5376
2020-01-12,8192.4941
2020-01-13,8144.1943
2020-01-14,8827.7646
2020-01-15,8807.0107
2020-01-16,8723.7861
2020-01-17,8929.0381
2020-01-18,8942.8086
2020-01-19,8706.2451
2020-01-20,8657.6426
2020-01-21,8745.8945
2020-01-22,8680.876
2020-01-23,8406.5156
2020-01-24,8445.4346
2020-01-25,8367.8477
2020-01-26,8596.8301
2020-01-27,8909.8193
2020-01-28,9358.5898
2020-01-29,9316.6299
2020-01-30,9508.9932
2020-01-31,9350.5293
2020-02-01,9392.875
2020-02-02,9344.3652
2020-02-03,9293.5215
2020-02-04,9180.9629
2020-02-05,9613.4238
2020-02-06,9729.8018
2020-02-07,9795.9434
2020-02-08,9865.1191
2020-02-09,10116.6738
2020-02-10,9856.6113
2020-02-11,10208.2363
2020-02-12,10326.0547
2020-02-13,10214.3799
2020-02-14,10312.1162
2020-02-15,9889.4248
2020-02-16,9934.4336
2020-02-17,9690.1426
2020-02-18,10141.9961
2020-02-19,9633.3867
2020-02-20,9608.4756
2020-02-21,9686.4414
2020-02-22,9663.1816
2020-02-23,9924.5156
2020-02-24,9650.1748
2020-02-25,9341.7051
2020-02-26,8820.5225
2020-02-27,8784.4941
2020-02-28,8672.4551
2020-02-29,8599.5088
2020-03-01,8562.4541
2020-03-02,8869.6699
2020-03-03,8787.7861
2020-03-04,8755.2461
2020-03-05,9078.7627
2020-03-06,9122.5459
2020-03-07,8909.9541
2020-03-08,8108.1162
2020-03-09,7923.6445
2020-03-10,7909.7295
2020-03-11,7911.4302
2020-03-12,4970.7881
2020-03-13,5563.707
2020-03-14,5200.3662
2020-03-15,5392.3149
2020-03-16,5014.48
2020-03-17,5225.6294
2020-03-18,5238.4385
2020-03-19,6191.1929
2020-03-20,6198.7783
2020-03-21,6185.0664
2020-03-22,5830.2549
2020-03-23,6416.3149
2020-03-24,6734.8037
2020-03-25,6681.063
2020-03-26,6716.4404
2020-03-27,6469.7983
2020-03-28,6242.1938
2020-03-29,5922.043
2020-03-30,6429.8418
2020-03-31,6438.6445
2020-04-01,6606.7764
2020-04-02,6793.6245
2020-04-03,6733.3872
2020-04-04,6867.5273
2020-04-05,6791.1294
2020-04-06,7271.7812
2020-04-07,7176.4146
2020-04-08,7334.0986
2020-04-09,7302.0894
2020-04-10,6865.4932
2020-04-11,6859.083
2020-04-12,6971.0918
2020-04-13,6845.0376
2020-04-14,6842.4277
2020-04-15,6642.1099
2020-04-16,7116.8042
2020-04-17,7096.1846
2020-04-18,7257.665
2020-04-19,7189.4248
2020-04-20,6881.9585
2020-04-21,6880.3232
2020-04-22,7117.2075
2020-04-23,7429.7246
2020-04-24,7550.9009
2020-04-25,7569.936
2020-04-26,7679.8672
2020-04-27,7795.6011
2020-04-28,7807.0586
2020-04-29,8801.0381
2020-04-30,8658.5537
2020-05-01,8864.7666
2020-05-02,8988.5967
2020-05-03,8897.4688
2020-05-04,8912.6543
2020-05-05,9003.0703
2020-05-06,9268.7617
2020-05-07,9951.5186
2020-05-08,9842.666
2020-05-09,9593.8965
2020-05-10,8756.4307
2020-05-11,8601.7959
2020-05-12,8804.4775
2020-05-13,9269.9873
2020-05-14,9733.7217
2020-05-15,9328.1973
2020-05-16,9377.0137
2020-05-17,9670.7393
2020-05-18,9726.5752
2020-05-19,9729.0381
2020-05-20,9522.9814
2020-05-21,9081.7617
2020-05-22,9182.5771
2020-05-23,9209.2871
2020-05-24,8790.3682
2020-05-25,8906.9346
2020-05-26,8835.0527
2020-05-27,9181.0176
2020-05-28,9525.751
2020-05-29,9439.124
2020-05-30,9700.4141
2020-05-31,9461.0586
2020-06-01,10167.2686
2020-06-02,9529.8037
2020-06-03,9656.7178
2020-06-04,9800.6367
2020-06-05,9665.5332
2020-06-06,9653.6797
2020-06-07,9758.8525
2020-06-08,9771.4893
2020-06-09,9795.7002
2020-06-10,9870.0947
2020-06-11,9321.7812
2020-06-12,9480.8438
2020-06-13,9475.2773
2020-06-14,9386.7881
2020-06-15,9450.7021
2020-06-16,9538.0244
2020-06-17,9480.2549
2020-06-18,9411.8408
2020-06-19,9288.0186
2020-06-20,9332.3408
2020-06-21,9303.6299
2020-06-22,9648.7178
2020-06-23,9629.6582
2020-06-24,9313.6104
2020-06-25,9264.8135
2020-06-26,9162.918
2020-06-27,9045.3906
2020-06-28,9143.582
2020-06-29,9190.8545
2020-06-30,9137.9932
2020-07-01,9228.3252
2020-07-02,9123.4102
2020-07-03,9087.3037
2020-07-04,9132.4883
2020-07-05,9073.9424
2020-07-06,9375.4746
2020-07-07,9252.2773
2020-07-08,9428.333
2020-07-09,9277.9678
2020-07-10,9278.8076
2020-07-11,9240.3467
2020-07-12,9276.5
2020-07-13,9243.6143
2020-07-14,9243.2139
2020-07-15,9192.8369
2020-07-16,9132.2275
2020-07-17,9151.3926
2020-07-18,9159.04
2020-07-19,9185.8174
2020-07-20,9164.2314
2020-07-21,9374.8877
2020-07-22,9525.3633
2020-07-23,9581.0723
2020-07-24,9536.8926
2020-07-25,9677.1133
2020-07-26,9905.167
2020-07-27,10990.873
2020-07-28,10912.8232
2020-07-29,11100.4678
2020-07-30,11111.2139
2020-07-31,11323.4668
2020-08-01,11759.5928
2020-08-02,11053.6143
2020-08-03,11246.3486
2020-08-04,11205.8926
2020-08-05,11747.0225
2020-08-06,11779.7734
2020-08-07,11601.4727
2020-08-08,11754.0459
2020-08-09,11675.7393
2020-08-10,11878.1113
2020-08-11,11410.5254
2020-08-12,11584.9346
2020-08-13,11784.1377
2020-08-14,11768.8711
2020-08-15,11865.6982
2020-08-16,11892.8037
2020-08-17,12254.4023
2020-08-18,11991.2334
2020-08-19,11758.2832
2020-08-20,11878.3721
2020-08-21,11592.4893
2020-08-22,11681.8252
2020-08-23,11664.8477
2020-08-24,11774.5957
2020-08-25,11366.1348
2020-08-26,11488.3633
2020-08-27,11323.3975
2020-08-28,11542.5
2020-08-29,11506.8652
2020-08-30,11711.5059
2020-08-31,11680.8203
2020-09-01,11970.4785
2020-09-02,11414.0342
2020-09-03,10245.2969
2020-09-04,10511.8135
2020-09-05,10169.5674
2020-09-06,10280.3516
2020-09-07,10369.5635
2020-09-08,10131.5166
2020-09-09,10242.3477
2020-09-10,10363.1387
2020-09-11,10400.915
2020-09-12,10442.1709
2020-09-13,10323.7559
2020-09-14,10680.8379
2020-09-15,10796.9512
2020-09-16,10974.9053
2020-09-17,10948.9902
2020-09-18,10944.5859
2020-09-19,11094.3467
2020-09-20,10938.2715
2020-09-21,10462.2598
2020-09-22,10538.46
2020-09-23,10246.1865
2020-09-24,10760.0664
2020-09-25,10692.7168
2020-09-26,10750.7236
2020-09-27,10775.2695
2020-09-28,10709.6523
2020-09-29,10844.6406
2020-09-30,10784.4912
2020-10-01,10619.4521
2020-10-02,10575.9746
2020-10-03,10549.3291
2020-10-04,10669.583
2020-10-05,10793.3398
2020-10-06,10604.4062
2020-10-07,10668.9688
2020-10-08,10915.6855
2020-10-09,11064.458
2020-10-10,11296.3613
2020-10-11,11384.1816
2020-10-12,11555.3633
2020-10-13,11425.8994
2020-10-14,11429.5068
2020-10-15,11495.3496
2020-10-16,11322.123
2020-10-17,11358.1016
2020-10-18,11483.3594
2020-10-19,11742.0371
2020-10-20,11916.335
2020-10-21,12823.6895
2020-10-22,12965.8916
2020-10-23,12931.5391
2020-10-24,13108.0625
2020-10-25,13031.1738
2020-10-26,13075.248
2020-10-27,13654.2188
2020-10-28,13271.2852
2020-10-29,13437.8828
2020-10-30,13546.5225
2020-10-31,13780.9951
2020-11-01,13737.1094
2020-11-02,13550.4893
2020-11-03,13950.3008
2020-11-04,14133.707
2020-11-05,15579.8486
2020-11-06,15565.8809
2020-11-07,14833.7539
2020-11-08,15479.5674
2020-11-09,15332.3154
2020-11-10,15290.9023
2020-11-11,15701.3398
2020-11-12,16276.3438
2020-11-13,16317.8086
2020-11-14,16068.1387
2020-11-15,15955.5879
2020-11-16,16716.1113
2020-11-17,17645.4062
2020-11-18,17804.0059
2020-11-19,17817.0898
2020-11-20,18621.3145
2020-11-21,18642.2324
2020-11-22,18370.002
2020-11-23,18364.1211
2020-11-24,19107.4648
2020-11-25,18732.1211
2020-11-26,17150.623
2020-11-27,17108.4023
2020-11-28,17717.4141
2020-11-29,18177.4844
2020-11-30,19625.8359
2020-12-01,18802.998
2020-12-02,19201.0918
2020-12-03,19445.3984
2020-12-04,18699.7656
2020-12-05,19154.2305
2020-12-06,19345.1211
2020-12-07,19191.6309
2020-12-08,18321.1445
2020-12-09,18553.916
2020-12-10,18264.9922
2020-12-11,18058.9043
2020-12-12,18803.6562
2020-12-13,19142.3828
2020-12-14,19246.6445
2020-12-15,19417.0762
2020-12-16,21310.5977
2020-12-17,22805.1621
2020-12-18,23137.9609
2020-12-19,23869.832
2020-12-20,23477.2949
2020-12-21,22803.082
2020-12-22,23783.0293
2020-12-23,23241.3457
2020-12-24,23735.9492
2020-12-25,24664.791
2020-12-26,26437.0371
2020-12-27,26272.2949
2020-12-28,27084.8086
2020-12-29,27362.4375
2020-12-30,28840.9531
2020-12-31,29001.7207
2021-01-01,29374.1523
2021-01-02,32127.2676
2021-01-03,32782.0234
2021-01-04,31971.9141
2021-01-05,33992.4297
2021-01-06,36824.3633
2021-01-07,39371.043
2021-01-08,40797.6094
2021-01-09,40254.5469
2021-01-10,38356.4414
2021-01-11,35566.6562
2021-01-12,33922.9609
2021-01-13,37316.3594
2021-01-14,39187.3281
2021-01-15,36825.3672
2021-01-16,36178.1406
2021-01-17,35791.2773
2021-01-18,36630.0742
2021-01-19,36069.8047
2021-01-20,35547.75
2021-01-21,30825.6992
2021-01-22,33005.7617
2021-01-23,32067.6426
2021-01-24,32289.3789
2021-01-25,32366.3926
2021-01-26,32569.8496
2021-01-27,30432.5469
2021-01-28,33466.0977
2021-01-29,34316.3867
2021-01-30,34269.5234
2021-01-31,33114.3594
2021-02-01,33537.1758
2021-02-02,35510.2891
2021-02-03,37472.0898
2021-02-04,36926.0664
2021-02-05,38144.3086
2021-02-06,39266.0117
2021-02-07,38903.4414
2021-02-08,46196.4648
2021-02-09,46481.1055
2021-02-10,44918.1836
2021-02-11,47909.332
2021-02-12,47504.8516
2021-02-13,47105.5156
2021-02-14,48717.2891
2021-02-15,47945.0586
2021-02-16,49199.8711
2021-02-17,52149.0078
2021-02-18,51679.7969
2021-02-19,55888.1328
2021-02-20,56099.5195
2021-02-21,57539.9453
2021-02-22,54207.3203
2021-02-23,48824.4258
2021-02-24,49705.332
2021-02-25,47093.8516
2021-02-26,46339.7617
2021-02-27,46188.4531
2021-02-28,45137.7695
2021-03-01,49631.2422
2021-03-02,48378.9883
2021-03-03,50538.2422
2021-03-04,48561.168
2021-03-05,48927.3047
2021-03-06,48912.3828
2021-03-07,51206.6914
2021-03-08,52246.5234
2021-03-09,54824.1172
2021-03-10,56008.5508
2021-03-11,57805.1211
2021-03-12,57332.0898
2021-03-13,61243.0859
2021-03-14,59302.3164
2021-03-15,55907.1992
2021-03-16,56804.9023
2021-03-17,58870.8945
2021-03-18,57858.9219
2021-03-19,58346.6523
2021-03-20,58313.6445
2021-03-21,57523.4219
2021-03-22,54529.1445
2021-03-23,54738.9453
2021-03-24,52774.2656
2021-03-25,51704.1602
2021-03-26,55137.3125
2021-03-27,55973.5117
2021-03-28,55950.7461
2021-03-29,57750.1992
2021-03-30,58917.6914
2021-03-31,58918.832
2021-04-01,59095.8086
2021-04-02,59384.3125
2021-04-03,57603.8906
2021-04-04,58758.5547
2021-04-05,59057.8789
2021-04-06,58192.3594
2021-04-07,56048.9375
2021-04-08,58323.9531
2021-04-09,58245.0039
2021-04-10,59793.2344
2021-04-11,60204.9648
2021-04-12,59893.4531
2021-04-13,63503.457
2021-04-14,63109.6953
2021-04-15,63314.0117
2021-04-16,61572.7891
2021-04-17,60683.8203
2021-04-18,56216.1836
2021-04-19,55724.2656
2021-04-20,56473.0312
2021-04-21,53906.0898
2021-04-22,51762.2734
2021-04-23,51093.6523
2021-04-24,50050.8672
2021-04-25,49004.2539
2021-04-26,54021.7539
2021-04-27,55033.1172
2021-04-28,54824.7031
2021-04-29,53555.1094
2021-04-30,57750.1758
2021-05-01,57828.0508
2021-05-02,56631.0781
2021-05-03,57200.293
2021-05-04,53333.5391
2021-05-05,57424.0078
2021-05-06,56396.5156
2021-05-07,57356.4023
2021-05-08,58803.7773
2021-05-09,58232.3164
2021-05-10,55859.7969
2021-05-11,56704.5742
2021-05-12,49150.5352
2021-05-13,49716.1914
2021-05-14,49880.5352
2021-05-15,46760.1875
2021-05-16,46456.0586
2021-05-17,43537.5117
2021-05-18,42909.4023
2021-05-19,37002.4414
2021-05-20,40782.7383
2021-05-21,37304.6914
2021-05-22,37536.6328
2021-05-23,34770.582
2021-05-24,38705.9805
2021-05-25,38402.2227
2021-05-26,39294.1992
2021-05-27,38436.9688
2021-05-28,35697.6055
2021-05-29,34616.0664
2021-05-30,35678.1289
2021-05-31,37332.8555
2021-06-01,36684.9258
2021-06-02,37575.1797
2021-06-03,39208.7656
2021-06-04,36894.4062
2021-06-05,35551.957
2021-06-06,35862.3789
2021-06-07,33560.707
2021-06-08,33472.6328
2021-06-09,37345.1211
2021-06-10,36702.5977
2021-06-11,37334.3984
2021-06-12,35552.5156
2021-06-13,39097.8594
2021-06-14,40218.4766
2021-06-15,40406.2695
2021-06-16,38347.0625
2021-06-17,38053.5039
2021-06-18,35787.2461
2021-06-19,35615.8711
2021-06-20,35698.2969
2021-06-21,31676.6934
2021-06-22,32505.6602
2021-06-23,33723.0273
2021-06-24,34662.4375
2021-06-25,31637.7793
2021-06-26,32186.2773
2021-06-27,34649.6445
2021-06-28,34434.3359
2021-06-29,35867.7773
2021-06-30,35040.8359
2021-07-01,33572.1172
2021-07-02,33897.0469
2021-07-03,34668.5469
2021-07-04,35287.7812
2021-07-05,33746.0039
2021-07-06,34235.1953
2021-07-07,33855.3281
2021-07-08,32877.3711
2021-07-09,33798.0117
2021-07-10,33520.5195
2021-07-11,34240.1875
2021-07-12,33155.8477
2021-07-13,32702.0254
2021-07-14,32822.3477
2021-07-15,31780.7305
2021-07-16,31421.5391
2021-07-17,31533.0684
2021-07-18,31796.8105
2021-07-19,30817.832
2021-07-20,29807.3477
2021-07-21,32110.6934
2021-07-22,32313.1055
2021-07-23,33581.5508
2021-07-24,34292.4453
2021-07-25,35350.1875
2021-07-26,37337.5352
2021-07-27,39406.9414
2021-07-28,39995.9062
2021-07-29,40008.4219
2021-07-30,42235.5469
2021-07-31,41626.1953
2021-08-01,39974.8945
2021-08-02,39201.9453
2021-08-03,38152.9805
2021-08-04,39747.5039
2021-08-05,40869.5547
2021-08-06,42816.5
2021-08-07,44555.8008
2021-08-08,43798.1172
2021-08-09,46365.4023
2021-08-10,45585.0312
2021-08-11,45593.6367
2021-08-12,44428.2891
2021-08-13,47793.3203
2021-08-14,47096.9453
2021-08-15,47047.0039
2021-08-16,46004.4844
2021-08-17,44695.3594
2021-08-18,44801.1875
2021-08-19,46717.5781
2021-08-20,49339.1758
2021-08-21,48905.4922
2021-08-22,49321.6523
2021-08-23,49546.1484
2021-08-24,47706.1172
2021-08-25,48960.7891
2021-08-26,46942.2188
2021-08-27,49058.668
2021-08-28,48902.4023
2021-08-29,48829.832
2021-08-30,47054.9844
2021-08-31,47166.6875
2021-09-01,48847.0273
2021-09-02,49327.7227
2021-09-03,50025.375
2021-09-04,49944.625
2021-09-05,51753.4102
2021-09-06,52633.5352
2021-09-07,46811.1289
2021-09-08,46091.3906
2021-09-09,46391.4219
2021-09-10,44883.9102
2021-09-11,45201.457
2021-09-12,46063.2695
2021-09-13,44963.0742
2021-09-14,47092.4922
2021-09-15,48176.3477
2021-09-16,47783.3594
2021-09-17,47267.5195
2021-09-18,48278.3633
2021-09-19,47260.2188
2021-09-20,42843.8008
2021-09-21,40693.6758
2021-09-22,43574.5078
2021-09-23,44895.0977
2021-09-24,42839.75
2021-09-25,42716.5938
2021-09-26,43208.5391
2021-09-27,42235.7305
2021-09-28,41034.543
2021-09-29,41564.3633
2021-09-30,43790.8945
2021-10-01,48116.9414
2021-10-02,47711.4883
2021-10-03,48199.9531
2021-10-04,49112.9023
2021-10-05,51514.8125
2021-10-06,55361.4492
2021-10-07,53805.9844
2021-10-08,53967.8477
2021-10-09,54968.2227
2021-10-10,54771.5781
2021-10-11,57484.7891
2021-10-12,56041.0586
2021-10-13,57401.0977
2021-10-14,57321.5234
2021-10-15,61593.9492
2021-10-16,60892.1797
2021-10-17,61553.6172
2021-10-18,62026.0781
2021-10-19,64261.9922
2021-10-20,65992.8359
2021-10-21,62210.1719
2021-10-22,60692.2656
2021-10-23,61393.6172
2021-10-24,60930.8359
2021-10-25,63039.8242
2021-10-26,60363.793
2021-10-27,58482.3867
2021-10-28,60622.1367
2021-10-29,62227.9648
2021-10-30,61888.832
2021-10-31,61318.957
2021-11-01,61004.4062
2021-11-02,63226.4023
2021-11-03,62970.0469
2021-11-04,61452.2305
2021-11-05,61125.6758
2021-11-06,61527.4805
2021-11-07,63326.9883
2021-11-08,67566.8281
2021-11-09,66971.8281
2021-11-10,64995.2305
2021-11-11,64949.9609
2021-11-12,64155.9414
2021-11-13,64469.5273
2021-11-14,65466.8398
2021-11-15,63557.8711
2021-11-16,60161.2461
2021-11-17,60368.0117
2021-11-18,56942.1367
2021-11-19,58119.5781
2021-11-20,59697.1953
2021-11-21,58730.4766
2021-11-22,56289.2891
2021-11-23,57569.0742
2021-11-24,56280.4258
2021-11-25,57274.6797
2021-11-26,53569.7656
2021-11-27,54815.0781
2021-11-28,57248.457
2021-11-29,57806.5664
2021-11-30,57005.4258
2021-12-01,57229.8281
2021-12-02,56477.8164
2021-12-03,53598.2461
2021-12-04,49200.7031
2021-12-05,49368.8477
2021-12-06,50582.625
2021-12-07,50700.0859
2021-12-08,50504.7969
2021-12-09,47672.1211
2021-12-10,47243.3047
2021-12-11,49362.5078
2021-12-12,50098.3359
2021-12-13,46737.4805
2021-12-14,46612.6328
2021-12-15,48896.7227
2021-12-16,47665.4258
2021-12-17,46202.1445
2021-12-18,46848.7773
2021-12-19,46707.0156
2021-12-20,46880.2773
2021-12-21,48936.6133
2021-12-22,48628.5117
2021-12-23,50784.5391
2021-12-24,50822.1953
2021-12-25,50429.8594
2021-12-26,50809.5156
2021-12-27,50640.418
2021-12-28,47588.8555
2021-12-29,46444.7109
2021-12-30,47178.125
2021-12-31,46306.4453
2022-01-01,47686.8125
2022-01-02,47345.2188
2022-01-03,46458.1172
2022-01-04,45897.5742
2022-01-05,43569.0039
2022-01-06,43160.9297
2022-01-07,41557.9023
2022-01-08,41733.9414
2022-01-09,41911.6016
2022-01-10,41821.2617
2022-01-11,42735.8555
2022-01-12,43949.1016
2022-01-13,42591.5703
2022-01-14,43099.6992
2022-01-15,43177.3984
2022-01-16,43113.8789
2022-01-17,42250.5508
2022-01-18,42375.6328
2022-01-19,41744.3281
2022-01-20,40680.418
2022-01-21,36457.3164
2022-01-22,35030.25
2022-01-23,36276.8047
2022-01-24,36654.3281
2022-01-25,36954.0039
2022-01-26,36852.1211
2022-01-27,37138.2344
2022-01-28,37784.332
2022-01-29,38138.1797
2022-01-30,37917.6016
2022-01-31,38483.125
2022-02-01,38743.2734
2022-02-02,36952.9844
2022-02-03,37154.6016
2022-02-04,41500.875
2022-02-05,41441.1641
2022-02-06,42412.4336
2022-02-07,43840.2852
2022-02-08,44118.4453
2022-02-09,44338.7969
2022-02-10,43565.1133
2022-02-11,42407.9375
2022-02-12,42244.4688
2022-02-13,42197.5156
2022-02-14,42586.918
2022-02-15,44575.2031
2022-02-16,43961.8594
2022-02-17,40538.0117
2022-02-18,40030.9766
