Date,BTC_Wallet_Count
2009-01-02,2.0
2009-01-03,2.0
2009-01-04,2.0
2009-01-05,2.0
2009-01-06,2.0
2009-01-07,2.0
2009-01-08,2.0
2009-01-09,2.0
2009-01-10,2.0
2009-01-11,2.0
2009-01-12,2.0
2009-01-13,2.0
2009-01-14,2.0
2009-01-15,2.0
2009-01-16,2.0
2009-01-17,2.0
2009-01-18,2.0
2009-01-19,2.0
2009-01-20,2.0
2009-01-21,2.0
2009-01-22,2.0
2009-01-23,2.0
2009-01-24,2.0
2009-01-25,2.0
2009-01-26,2.0
2009-01-27,2.0
2009-01-28,2.0
2009-01-29,2.0
2009-01-30,2.0
2009-01-31,2.0
2009-02-01,2.0
2009-02-02,2.0
2009-02-03,2.0
2009-02-04,2.0
2009-02-05,2.0
2009-02-06,2.0
2009-02-07,2.0
2009-02-08,2.0
2009-02-09,2.0
2009-02-10,2.0
2009-02-11,2.0
2009-02-12,2.0
2009-02-13,2.0
2009-02-14,2.0
2009-02-15,2.0
2009-02-16,2.0
2009-02-17,2.0
2009-02-18,2.0
2009-02-19,2.0
2009-02-20,2.0
2009-02-21,2.0
2009-02-22,2.0
2009-02-23,2.0
2009-02-24,2.0
2009-02-25,2.0
2009-02-26,2.0
2009-02-27,2.0
2009-02-28,2.0
2009-03-01,2.0
2009-03-02,2.0
2009-03-03,2.0
2009-03-04,2.0
2009-03-05,2.0
2009-03-06,2.0
2009-03-07,2.0
2009-03-08,2.0
2009-03-09,2.0
2009-03-10,2.0
2009-03-11,2.0
2009-03-12,2.0
2009-03-13,2.0
2009-03-14,2.0
2009-03-15,2.0
2009-03-16,2.0
2009-03-17,2.0
2009-03-18,2.0
2009-03-19,2.0
2009-03-20,2.0
2009-03-21,2.0
2009-03-22,2.0
2009-03-23,2.0
2009-03-24,2.0
2009-03-25,2.0
2009-03-26,2.0
2009-03-27,2.0
2009-03-28,2.0
2009-03-29,2.0
2009-03-30,2.0
2009-03-31,2.0
2009-04-01,2.0
2009-04-02,2.0
2009-04-03,2.0
2009-04-04,2.0
2009-04-05,2.0
2009-04-06,2.0
2009-04-07,2.0
2009-04-08,2.0
2009-04-09,2.0
2009-04-10,2.0
2009-04-11,2.0
2009-04-12,2.0
2009-04-13,2.0
2009-04-14,2.0
2009-04-15,2.0
2009-04-16,2.0
2009-04-17,2.0
2009-04-18,2.0
2009-04-19,2.0
2009-04-20,2.0
2009-04-21,2.0
2009-04-22,2.0
2009-04-23,2.0
2009-04-24,2.0
2009-04-25,2.0
2009-04-26,2.0
2009-04-27,2.0
2009-04-28,2.0
2009-04-29,2.0
2009-04-30,2.0
2009-05-01,2.0
2009-05-02,2.0
2009-05-03,2.0
2009-05-04,2.0
2009-05-05,2.0
2009-05-06,2.0
2009-05-07,2.0
2009-05-08,2.0
2009-05-09,2.0
2009-05-10,2.0
2009-05-11,2.0
2009-05-12,2.0
2009-05-13,2.0
2009-05-14,2.0
2009-05-15,2.0
2009-05-16,2.0
2009-05-17,2.0
2009-05-18,2.0
2009-05-19,2.0
2009-05-20,2.0
2009-05-21,2.0
2009-05-22,2.0
2009-05-23,2.0
2009-05-24,2.0
2009-05-25,2.0
2009-05-26,2.0
2009-05-27,2.0
2009-05-28,2.0
2009-05-29,2.0
2009-05-30,2.0
2009-05-31,2.0
2009-06-01,2.0
2009-06-02,2.0
2009-06-03,2.0
2009-06-04,2.0
2009-06-05,2.0
2009-06-06,2.0
2009-06-07,2.0
2009-06-08,2.0
2009-06-09,2.0
2009-06-10,2.0
2009-06-11,2.0
2009-06-12,2.0
2009-06-13,2.0
2009-06-14,2.0
2009-06-15,2.0
2009-06-16,2.0
2009-06-17,2.0
2009-06-18,2.0
2009-06-19,2.0
2009-06-20,2.0
2009-06-21,2.0
2009-06-22,2.0
2009-06-23,2.0
2009-06-24,2.0
2009-06-25,2.0
2009-06-26,2.0
2009-06-27,2.0
2009-06-28,2.0
2009-06-29,2.0
2009-06-30,2.0
2009-07-01,2.0
2009-07-02,2.0
2009-07-03,2.0
2009-07-04,2.0
2009-07-05,2.0
2009-07-06,2.0
2009-07-07,2.0
2009-07-08,2.0
2009-07-09,2.0
2009-07-10,2.0
2009-07-11,2.0
2009-07-12,2.0
2009-07-13,2.0
2009-07-14,2.0
2009-07-15,2.0
2009-07-16,2.0
2009-07-17,2.0
2009-07-18,2.0
2009-07-19,2.0
2009-07-20,2.0
2009-07-21,2.0
2009-07-22,2.0
2009-07-23,2.0
2009-07-24,2.0
2009-07-25,2.0
2009-07-26,2.0
2009-07-27,2.0
2009-07-28,2.0
2009-07-29,2.0
2009-07-30,2.0
2009-07-31,2.0
2009-08-01,2.0
2009-08-02,2.0
2009-08-03,2.0
2009-08-04,2.0
2009-08-05,2.0
2009-08-06,2.0
2009-08-07,2.0
2009-08-08,2.0
2009-08-09,2.0
2009-08-10,2.0
2009-08-11,2.0
2009-08-12,2.0
2009-08-13,2.0
2009-08-14,2.0
2009-08-15,2.0
2009-08-16,2.0
2009-08-17,2.0
2009-08-18,2.0
2009-08-19,2.0
2009-08-20,2.0
2009-08-21,2.0
2009-08-22,2.0
2009-08-23,2.0
2009-08-24,2.0
2009-08-25,2.0
2009-08-26,2.0
2009-08-27,2.0
2009-08-28,2.0
2009-08-29,2.0
2009-08-30,2.0
2009-08-31,2.0
2009-09-01,2.0
2009-09-02,2.0
2009-09-03,2.0
2009-09-04,2.0
2009-09-05,2.0
2009-09-06,2.0
2009-09-07,2.0
2009-09-08,2.0
2009-09-09,2.0
2009-09-10,2.0
2009-09-11,2.0
2009-09-12,2.0
2009-09-13,2.0
2009-09-14,2.0
2009-09-15,2.0
2009-09-16,2.0
2009-09-17,2.0
2009-09-18,2.0
2009-09-19,2.0
2009-09-20,2.0
2009-09-21,2.0
2009-09-22,2.0
2009-09-23,2.0
2009-09-24,2.0
2009-09-25,2.0
2009-09-26,2.0
2009-09-27,2.0
2009-09-28,2.0
2009-09-29,2.0
2009-09-30,2.0
2009-10-01,2.0
2009-10-02,2.0
2009-10-03,2.0
2009-10-04,2.0
2009-10-05,2.0
2009-10-06,2.0
2009-10-07,2.0
2009-10-08,2.0
2009-10-09,2.0
2009-10-10,2.0
2009-10-11,2.0
2009-10-12,2.0
2009-10-13,2.0
2009-10-14,2.0
2009-10-15,2.0
2009-10-16,2.0
2009-10-17,2.0
2009-10-18,2.0
2009-10-19,2.0
2009-10-20,2.0
2009-10-21,2.0
2009-10-22,2.0
2009-10-23,2.0
2009-10-24,2.0
2009-10-25,2.0
2009-10-26,2.0
2009-10-27,2.0
2009-10-28,2.0
2009-10-29,2.0
2009-10-30,2.0
2009-10-31,2.0
2009-11-01,2.0
2009-11-02,2.0
2009-11-03,2.0
2009-11-04,2.0
2009-11-05,2.0
2009-11-06,2.0
2009-11-07,2.0
2009-11-08,2.0
2009-11-09,2.0
2009-11-10,2.0
2009-11-11,2.0
2009-11-12,2.0
2009-11-13,2.0
2009-11-14,2.0
2009-11-15,2.0
2009-11-16,2.0
2009-11-17,2.0
2009-11-18,2.0
2009-11-19,2.0
2009-11-20,2.0
2009-11-21,2.0
2009-11-22,2.0
2009-11-23,2.0
2009-11-24,2.0
2009-11-25,2.0
2009-11-26,2.0
2009-11-27,2.0
2009-11-28,2.0
2009-11-29,2.0
2009-11-30,2.0
2009-12-01,2.0
2009-12-02,2.0
2009-12-03,2.0
2009-12-04,2.0
2009-12-05,2.0
2009-12-06,2.0
2009-12-07,2.0
2009-12-08,2.0
2009-12-09,2.0
2009-12-10,2.0
2009-12-11,2.0
2009-12-12,2.0
2009-12-13,2.0
2009-12-14,2.0
2009-12-15,2.0
2009-12-16,2.0
2009-12-17,2.0
2009-12-18,2.0
2009-12-19,2.0
2009-12-20,2.0
2009-12-21,2.0
2009-12-22,2.0
2009-12-23,2.0
2009-12-24,2.0
2009-12-25,2.0
2009-12-26,2.0
2009-12-27,2.0
2009-12-28,2.0
2009-12-29,2.0
2009-12-30,2.0
2009-12-31,2.0
2010-01-01,2.0
2010-01-02,2.0
2010-01-03,2.0
2010-01-04,2.0
2010-01-05,2.0
2010-01-06,2.0
2010-01-07,2.0
2010-01-08,2.0
2010-01-09,2.0
2010-01-10,2.0
2010-01-11,2.0
2010-01-12,2.0
2010-01-13,2.0
2010-01-14,2.0
2010-01-15,2.0
2010-01-16,2.0
2010-01-17,2.0
2010-01-18,2.0
2010-01-19,2.0
2010-01-20,2.0
2010-01-21,2.0
2010-01-22,2.0
2010-01-23,2.0
2010-01-24,2.0
2010-01-25,2.0
2010-01-26,2.0
2010-01-27,2.0
2010-01-28,2.0
2010-01-29,2.0
2010-01-30,2.0
2010-01-31,2.0
2010-02-01,2.0
2010-02-02,2.0
2010-02-03,2.0
2010-02-04,2.0
2010-02-05,2.0
2010-02-06,2.0
2010-02-07,2.0
2010-02-08,2.0
2010-02-09,2.0
2010-02-10,2.0
2010-02-11,2.0
2010-02-12,2.0
2010-02-13,2.0
2010-02-14,2.0
2010-02-15,2.0
2010-02-16,2.0
2010-02-17,2.0
2010-02-18,2.0
2010-02-19,2.0
2010-02-20,2.0
2010-02-21,2.0
2010-02-22,2.0
2010-02-23,2.0
2010-02-24,2.0
2010-02-25,2.0
2010-02-26,2.0
2010-02-27,2.0
2010-02-28,2.0
2010-03-01,2.0
2010-03-02,2.0
2010-03-03,2.0
2010-03-04,2.0
2010-03-05,2.0
2010-03-06,2.0
2010-03-07,2.0
2010-03-08,2.0
2010-03-09,2.0
2010-03-10,2.0
2010-03-11,2.0
2010-03-12,2.0
2010-03-13,2.0
2010-03-14,2.0
2010-03-15,2.0
2010-03-16,2.0
2010-03-17,2.0
2010-03-18,2.0
2010-03-19,2.0
2010-03-20,2.0
2010-03-21,2.0
2010-03-22,2.0
2010-03-23,2.0
2010-03-24,2.0
2010-03-25,2.0
2010-03-26,2.0
2010-03-27,2.0
2010-03-28,2.0
2010-03-29,2.0
2010-03-30,2.0
2010-03-31,2.0
2010-04-01,2.0
2010-04-02,2.0
2010-04-03,2.0
2010-04-04,2.0
2010-04-05,2.0
2010-04-06,2.0
2010-04-07,2.0
2010-04-08,2.0
2010-04-09,2.0
2010-04-10,2.0
2010-04-11,2.0
2010-04-12,2.0
2010-04-13,2.0
2010-04-14,2.0
2010-04-15,2.0
2010-04-16,2.0
2010-04-17,2.0
2010-04-18,2.0
2010-04-19,2.0
2010-04-20,2.0
2010-04-21,2.0
2010-04-22,2.0
2010-04-23,2.0
2010-04-24,2.0
2010-04-25,2.0
2010-04-26,2.0
2010-04-27,2.0
2010-04-28,2.0
2010-04-29,2.0
2010-04-30,2.0
2010-05-01,2.0
2010-05-02,2.0
2010-05-03,2.0
2010-05-04,2.0
2010-05-05,2.0
2010-05-06,2.0
2010-05-07,2.0
2010-05-08,2.0
2010-05-09,2.0
2010-05-10,2.0
2010-05-11,2.0
2010-05-12,2.0
2010-05-13,2.0
2010-05-14,2.0
2010-05-15,2.0
2010-05-16,2.0
2010-05-17,2.0
2010-05-18,2.0
2010-05-19,2.0
2010-05-20,2.0
2010-05-21,2.0
2010-05-22,2.0
2010-05-23,2.0
2010-05-24,2.0
2010-05-25,2.0
2010-05-26,2.0
2010-05-27,2.0
2010-05-28,2.0
2010-05-29,2.0
2010-05-30,2.0
2010-05-31,2.0
2010-06-01,2.0
2010-06-02,2.0
2010-06-03,2.0
2010-06-04,2.0
2010-06-05,2.0
2010-06-06,2.0
2010-06-07,2.0
2010-06-08,2.0
2010-06-09,2.0
2010-06-10,2.0
2010-06-11,2.0
2010-06-12,2.0
2010-06-13,2.0
2010-06-14,2.0
2010-06-15,2.0
2010-06-16,2.0
2010-06-17,2.0
2010-06-18,2.0
2010-06-19,2.0
2010-06-20,2.0
2010-06-21,2.0
2010-06-22,2.0
2010-06-23,2.0
2010-06-24,2.0
2010-06-25,2.0
2010-06-26,2.0
2010-06-27,2.0
2010-06-28,2.0
2010-06-29,2.0
2010-06-30,2.0
2010-07-01,2.0
2010-07-02,2.0
2010-07-03,2.0
2010-07-04,2.0
2010-07-05,2.0
2010-07-06,2.0
2010-07-07,2.0
2010-07-08,2.0
2010-07-09,2.0
2010-07-10,2.0
2010-07-11,2.0
2010-07-12,2.0
2010-07-13,2.0
2010-07-14,2.0
2010-07-15,2.0
2010-07-16,2.0
2010-07-17,2.0
2010-07-18,2.0
2010-07-19,2.0
2010-07-20,2.0
2010-07-21,2.0
2010-07-22,2.0
2010-07-23,2.0
2010-07-24,2.0
2010-07-25,2.0
2010-07-26,2.0
2010-07-27,2.0
2010-07-28,2.0
2010-07-29,2.0
2010-07-30,2.0
2010-07-31,2.0
2010-08-01,2.0
2010-08-02,2.0
2010-08-03,2.0
2010-08-04,2.0
2010-08-05,2.0
2010-08-06,2.0
2010-08-07,2.0
2010-08-08,2.0
2010-08-09,2.0
2010-08-10,2.0
2010-08-11,2.0
2010-08-12,2.0
2010-08-13,2.0
2010-08-14,2.0
2010-08-15,2.0
2010-08-16,2.0
2010-08-17,2.0
2010-08-18,2.0
2010-08-19,2.0
2010-08-20,2.0
2010-08-21,2.0
2010-08-22,2.0
2010-08-23,2.0
2010-08-24,2.0
2010-08-25,2.0
2010-08-26,2.0
2010-08-27,2.0
2010-08-28,2.0
2010-08-29,2.0
2010-08-30,2.0
2010-08-31,2.0
2010-09-01,2.0
2010-09-02,2.0
2010-09-03,2.0
2010-09-04,2.0
2010-09-05,2.0
2010-09-06,2.0
2010-09-07,2.0
2010-09-08,2.0
2010-09-09,2.0
2010-09-10,2.0
2010-09-11,2.0
2010-09-12,2.0
2010-09-13,2.0
2010-09-14,2.0
2010-09-15,2.0
2010-09-16,2.0
2010-09-17,2.0
2010-09-18,2.0
2010-09-19,2.0
2010-09-20,2.0
2010-09-21,2.0
2010-09-22,2.0
2010-09-23,2.0
2010-09-24,2.0
2010-09-25,2.0
2010-09-26,2.0
2010-09-27,2.0
2010-09-28,2.0
2010-09-29,2.0
2010-09-30,2.0
2010-10-01,2.0
2010-10-02,2.0
2010-10-03,2.0
2010-10-04,2.0
2010-10-05,2.0
2010-10-06,2.0
2010-10-07,2.0
2010-10-08,2.0
2010-10-09,2.0
2010-10-10,2.0
2010-10-11,2.0
2010-10-12,2.0
2010-10-13,2.0
2010-10-14,2.0
2010-10-15,2.0
2010-10-16,2.0
2010-10-17,2.0
2010-10-18,2.0
2010-10-19,2.0
2010-10-20,2.0
2010-10-21,2.0
2010-10-22,2.0
2010-10-23,2.0
2010-10-24,2.0
2010-10-25,2.0
2010-10-26,2.0
2010-10-27,2.0
2010-10-28,2.0
2010-10-29,2.0
2010-10-30,2.0
2010-10-31,2.0
2010-11-01,2.0
2010-11-02,2.0
2010-11-03,2.0
2010-11-04,2.0
2010-11-05,2.0
2010-11-06,2.0
2010-11-07,2.0
2010-11-08,2.0
2010-11-09,2.0
2010-11-10,2.0
2010-11-11,2.0
2010-11-12,2.0
2010-11-13,2.0
2010-11-14,2.0
2010-11-15,2.0
2010-11-16,2.0
2010-11-17,2.0
2010-11-18,2.0
2010-11-19,2.0
2010-11-20,2.0
2010-11-21,2.0
2010-11-22,2.0
2010-11-23,2.0
2010-11-24,2.0
2010-11-25,2.0
2010-11-26,2.0
2010-11-27,2.0
2010-11-28,2.0
2010-11-29,2.0
2010-11-30,2.0
2010-12-01,2.0
2010-12-02,2.0
2010-12-03,2.0
2010-12-04,2.0
2010-12-05,2.0
2010-12-06,2.0
2010-12-07,2.0
2010-12-08,2.0
2010-12-09,2.0
2010-12-10,2.0
2010-12-11,2.0
2010-12-12,2.0
2010-12-13,2.0
2010-12-14,2.0
2010-12-15,2.0
2010-12-16,2.0
2010-12-17,2.0
2010-12-18,2.0
2010-12-19,2.0
2010-12-20,2.0
2010-12-21,2.0
2010-12-22,2.0
2010-12-23,2.0
2010-12-24,2.0
2010-12-25,2.0
2010-12-26,2.0
2010-12-27,2.0
2010-12-28,2.0
2010-12-29,2.0
2010-12-30,2.0
2010-12-31,2.0
2011-01-01,2.0
2011-01-02,2.0
2011-01-03,2.0
2011-01-04,2.0
2011-01-05,2.0
2011-01-06,2.0
2011-01-07,2.0
2011-01-08,2.0
2011-01-09,2.0
2011-01-10,2.0
2011-01-11,2.0
2011-01-12,2.0
2011-01-13,2.0
2011-01-14,2.0
2011-01-15,2.0
2011-01-16,2.0
2011-01-17,2.0
2011-01-18,2.0
2011-01-19,2.0
2011-01-20,2.0
2011-01-21,2.0
2011-01-22,2.0
2011-01-23,2.0
2011-01-24,2.0
2011-01-25,2.0
2011-01-26,2.0
2011-01-27,2.0
2011-01-28,2.0
2011-01-29,2.0
2011-01-30,2.0
2011-01-31,2.0
2011-02-01,2.0
2011-02-02,2.0
2011-02-03,2.0
2011-02-04,2.0
2011-02-05,2.0
2011-02-06,2.0
2011-02-07,2.0
2011-02-08,2.0
2011-02-09,2.0
2011-02-10,2.0
2011-02-11,2.0
2011-02-12,2.0
2011-02-13,2.0
2011-02-14,2.0
2011-02-15,2.0
2011-02-16,2.0
2011-02-17,2.0
2011-02-18,2.0
2011-02-19,2.0
2011-02-20,2.0
2011-02-21,2.0
2011-02-22,2.0
2011-02-23,2.0
2011-02-24,2.0
2011-02-25,2.0
2011-02-26,2.0
2011-02-27,2.0
2011-02-28,2.0
2011-03-01,2.0
2011-03-02,2.0
2011-03-03,2.0
2011-03-04,2.0
2011-03-05,2.0
2011-03-06,2.0
2011-03-07,2.0
2011-03-08,2.0
2011-03-09,2.0
2011-03-10,2.0
2011-03-11,2.0
2011-03-12,2.0
2011-03-13,2.0
2011-03-14,2.0
2011-03-15,2.0
2011-03-16,2.0
2011-03-17,2.0
2011-03-18,2.0
2011-03-19,2.0
2011-03-20,2.0
2011-03-21,2.0
2011-03-22,2.0
2011-03-23,2.0
2011-03-24,2.0
2011-03-25,2.0
2011-03-26,2.0
2011-03-27,2.0
2011-03-28,2.0
2011-03-29,2.0
2011-03-30,2.0
2011-03-31,2.0
2011-04-01,2.0
2011-04-02,2.0
2011-04-03,2.0
2011-04-04,2.0
2011-04-05,2.0
2011-04-06,2.0
2011-04-07,2.0
2011-04-08,2.0
2011-04-09,2.0
2011-04-10,2.0
2011-04-11,2.0
2011-04-12,2.0
2011-04-13,2.0
2011-04-14,2.0
2011-04-15,2.0
2011-04-16,2.0
2011-04-17,2.0
2011-04-18,2.0
2011-04-19,2.0
2011-04-20,2.0
2011-04-21,2.0
2011-04-22,2.0
2011-04-23,2.0
2011-04-24,2.0
2011-04-25,2.0
2011-04-26,2.0
2011-04-27,2.0
2011-04-28,2.0
2011-04-29,2.0
2011-04-30,2.0
2011-05-01,2.0
2011-05-02,2.0
2011-05-03,2.0
2011-05-04,2.0
2011-05-05,2.0
2011-05-06,2.0
2011-05-07,2.0
2011-05-08,2.0
2011-05-09,2.0
2011-05-10,2.0
2011-05-11,2.0
2011-05-12,2.0
2011-05-13,2.0
2011-05-14,2.0
2011-05-15,2.0
2011-05-16,2.0
2011-05-17,2.0
2011-05-18,2.0
2011-05-19,2.0
2011-05-20,2.0
2011-05-21,2.0
2011-05-22,2.0
2011-05-23,2.0
2011-05-24,2.0
2011-05-25,2.0
2011-05-26,2.0
2011-05-27,2.0
2011-05-28,2.0
2011-05-29,2.0
2011-05-30,2.0
2011-05-31,2.0
2011-06-01,2.0
2011-06-02,2.0
2011-06-03,2.0
2011-06-04,2.0
2011-06-05,2.0
2011-06-06,2.0
2011-06-07,2.0
2011-06-08,2.0
2011-06-09,2.0
2011-06-10,2.0
2011-06-11,2.0
2011-06-12,2.0
2011-06-13,2.0
2011-06-14,2.0
2011-06-15,2.0
2011-06-16,2.0
2011-06-17,2.0
2011-06-18,2.0
2011-06-19,2.0
2011-06-20,2.0
2011-06-21,2.0
2011-06-22,2.0
2011-06-23,2.0
2011-06-24,2.0
2011-06-25,2.0
2011-06-26,2.0
2011-06-27,2.0
2011-06-28,2.0
2011-06-29,2.0
2011-06-30,2.0
2011-07-01,2.0
2011-07-02,2.0
2011-07-03,2.0
2011-07-04,2.0
2011-07-05,2.0
2011-07-06,2.0
2011-07-07,2.0
2011-07-08,2.0
2011-07-09,2.0
2011-07-10,2.0
2011-07-11,2.0
2011-07-12,2.0
2011-07-13,2.0
2011-07-14,2.0
2011-07-15,2.0
2011-07-16,2.0
2011-07-17,2.0
2011-07-18,2.0
2011-07-19,2.0
2011-07-20,2.0
2011-07-21,2.0
2011-07-22,2.0
2011-07-23,2.0
2011-07-24,2.0
2011-07-25,2.0
2011-07-26,2.0
2011-07-27,2.0
2011-07-28,2.0
2011-07-29,2.0
2011-07-30,2.0
2011-07-31,2.0
2011-08-01,2.0
2011-08-02,2.0
2011-08-03,2.0
2011-08-04,2.0
2011-08-05,2.0
2011-08-06,2.0
2011-08-07,2.0
2011-08-08,2.0
2011-08-09,2.0
2011-08-10,2.0
2011-08-11,2.0
2011-08-12,2.0
2011-08-13,2.0
2011-08-14,2.0
2011-08-15,2.0
2011-08-16,2.0
2011-08-17,2.0
2011-08-18,2.0
2011-08-19,2.0
2011-08-20,2.0
2011-08-21,2.0
2011-08-22,2.0
2011-08-23,2.0
2011-08-24,2.0
2011-08-25,2.0
2011-08-26,2.0
2011-08-27,2.0
2011-08-28,2.0
2011-08-29,2.0
2011-08-30,2.0
2011-08-31,2.0
2011-09-01,2.0
2011-09-02,2.0
2011-09-03,2.0
2011-09-04,2.0
2011-09-05,2.0
2011-09-06,2.0
2011-09-07,2.0
2011-09-08,2.0
2011-09-09,2.0
2011-09-10,2.0
2011-09-11,2.0
2011-09-12,2.0
2011-09-13,2.0
2011-09-14,2.0
2011-09-15,2.0
2011-09-16,2.0
2011-09-17,2.0
2011-09-18,2.0
2011-09-19,2.0
2011-09-20,2.0
2011-09-21,2.0
2011-09-22,2.0
2011-09-23,2.0
2011-09-24,2.0
2011-09-25,2.0
2011-09-26,2.0
2011-09-27,2.0
2011-09-28,2.0
2011-09-29,2.0
2011-09-30,2.0
2011-10-01,2.0
2011-10-02,2.0
2011-10-03,2.0
2011-10-04,2.0
2011-10-05,2.0
2011-10-06,2.0
2011-10-07,2.0
2011-10-08,2.0
2011-10-09,2.0
2011-10-10,2.0
2011-10-11,2.0
2011-10-12,2.0
2011-10-13,2.0
2011-10-14,2.0
2011-10-15,2.0
2011-10-16,2.0
2011-10-17,2.0
2011-10-18,2.0
2011-10-19,2.0
2011-10-20,2.0
2011-10-21,2.0
2011-10-22,2.0
2011-10-23,2.0
2011-10-24,2.0
2011-10-25,2.0
2011-10-26,2.0
2011-10-27,2.0
2011-10-28,2.0
2011-10-29,2.0
2011-10-30,2.0
2011-10-31,2.0
2011-11-01,2.0
2011-11-02,2.0
2011-11-03,2.0
2011-11-04,2.0
2011-11-05,2.0
2011-11-06,2.0
2011-11-07,2.0
2011-11-08,2.0
2011-11-09,2.0
2011-11-10,2.0
2011-11-11,2.0
2011-11-12,2.0
2011-11-13,2.0
2011-11-14,2.0
2011-11-15,2.0
2011-11-16,2.0
2011-11-17,2.0
2011-11-18,2.0
2011-11-19,2.0
2011-11-20,2.0
2011-11-21,2.0
2011-11-22,2.0
2011-11-23,2.0
2011-11-24,2.0
2011-11-25,2.0
2011-11-26,2.0
2011-11-27,2.0
2011-11-28,2.0
2011-11-29,8.0
2011-11-30,13.0
2011-12-01,22.0
2011-12-02,23.0
2011-12-03,28.0
2011-12-04,28.0
2011-12-05,38.0
2011-12-06,58.0
2011-12-07,60.0
2011-12-08,80.0
2011-12-09,95.0
2011-12-10,112.0
2011-12-11,118.0
2011-12-12,127.0
2011-12-13,153.0
2011-12-14,185.0
2011-12-15,205.0
2011-12-16,205.0
2011-12-17,222.0
2011-12-18,229.0
2011-12-19,242.0
2011-12-20,265.0
2011-12-21,291.0
2011-12-22,318.0
2011-12-23,329.0
2011-12-24,337.0
2011-12-25,352.0
2011-12-26,369.0
2011-12-27,382.0
2011-12-28,400.0
2011-12-29,406.0
2011-12-30,406.0
2011-12-31,412.0
2012-01-01,420.0
2012-01-02,420.0
2012-01-03,451.0
2012-01-04,483.0
2012-01-05,497.0
2012-01-06,517.0
2012-01-07,556.0
2012-01-08,603.0
2012-01-09,635.0
2012-01-10,672.0
2012-01-11,710.0
2012-01-12,740.0
2012-01-13,758.0
2012-01-14,785.0
2012-01-15,836.0
2012-01-16,884.0
2012-01-17,926.0
2012-01-18,962.0
2012-01-19,962.0
2012-01-20,1029.0
2012-01-21,1071.0
2012-01-22,1111.0
2012-01-23,1163.0
2012-01-24,1169.0
2012-01-25,1184.0
2012-01-26,1217.0
2012-01-27,1242.0
2012-01-28,1268.0
2012-01-29,1294.0
2012-01-30,1329.0
2012-01-31,1364.0
2012-02-01,1392.0
2012-02-02,1425.0
2012-02-03,1463.0
2012-02-04,1514.0
2012-02-05,1514.0
2012-02-06,1587.0
2012-02-07,1626.0
2012-02-08,1666.0
2012-02-09,1713.0
2012-02-10,1745.0
2012-02-11,1772.0
2012-02-12,1815.0
2012-02-13,1845.0
2012-02-14,1861.0
2012-02-15,1894.0
2012-02-16,1943.0
2012-02-17,1967.0
2012-02-18,2003.0
2012-02-19,2043.0
2012-02-20,2078.0
2012-02-21,2108.0
2012-02-22,2108.0
2012-02-23,2159.0
2012-02-24,2159.0
2012-02-25,2170.0
2012-02-26,2213.0
2012-02-27,2253.0
2012-02-28,2282.0
2012-02-29,2314.0
2012-03-01,2356.0
2012-03-02,2409.0
2012-03-03,2435.0
2012-03-04,2480.0
2012-03-05,2537.0
2012-03-06,2567.0
2012-03-07,2614.0
2012-03-08,2665.0
2012-03-09,2692.0
2012-03-10,2692.0
2012-03-11,2758.0
2012-03-12,2794.0
2012-03-13,2825.0
2012-03-14,2861.0
2012-03-15,2893.0
2012-03-16,2935.0
2012-03-17,2968.0
2012-03-18,2997.0
2012-03-19,3041.0
2012-03-20,3076.0
2012-03-21,3117.0
2012-03-22,3148.0
2012-03-23,3186.0
2012-03-24,3219.0
2012-03-25,3257.0
2012-03-26,3329.0
2012-03-27,3329.0
2012-03-28,3493.0
2012-03-29,3558.0
2012-03-30,3590.0
2012-03-31,3636.0
2012-04-01,3708.0
2012-04-02,3772.0
2012-04-03,3815.0
2012-04-04,3872.0
2012-04-05,3967.0
2012-04-06,4039.0
2012-04-07,4113.0
2012-04-08,4168.0
2012-04-09,4234.0
2012-04-10,4294.0
2012-04-11,4348.0
2012-04-12,4408.0
2012-04-13,4408.0
2012-04-14,4511.0
2012-04-15,4559.0
2012-04-16,4611.0
2012-04-17,4690.0
2012-04-18,4741.0
2012-04-19,4795.0
2012-04-20,4857.0
2012-04-21,4966.0
2012-04-22,5046.0
2012-04-23,5139.0
2012-04-24,5211.0
2012-04-25,5364.0
2012-04-26,5566.0
2012-04-27,5679.0
2012-04-28,5767.0
2012-04-29,5798.0
2012-04-30,5798.0
2012-05-01,5816.0
2012-05-02,5897.0
2012-05-03,5993.0
2012-05-04,6053.0
2012-05-05,6127.0
2012-05-06,6220.0
2012-05-07,6309.0
2012-05-08,6392.0
2012-05-09,6476.0
2012-05-10,6552.0
2012-05-11,6612.0
2012-05-12,6683.0
2012-05-13,6754.0
2012-05-14,6827.0
2012-05-15,6912.0
2012-05-16,6984.0
2012-05-17,6984.0
2012-05-18,7122.0
2012-05-19,7202.0
2012-05-20,7296.0
2012-05-21,7370.0
2012-05-22,7409.0
2012-05-23,7489.0
2012-05-24,7571.0
2012-05-25,7644.0
2012-05-26,7697.0
2012-05-27,7774.0
2012-05-28,7857.0
2012-05-29,7969.0
2012-05-30,8039.0
2012-05-31,8121.0
2012-06-01,8178.0
2012-06-02,8266.0
2012-06-03,8266.0
2012-06-04,8431.0
2012-06-05,8497.0
2012-06-06,8574.0
2012-06-07,8666.0
2012-06-08,8773.0
2012-06-09,8862.0
2012-06-10,8946.0
2012-06-11,9046.0
2012-06-12,9160.0
2012-06-13,9257.0
2012-06-14,9370.0
2012-06-15,9464.0
2012-06-16,9541.0
2012-06-17,9665.0
2012-06-18,9748.0
2012-06-19,9868.0
2012-06-20,9868.0
2012-06-21,10072.0
2012-06-22,10172.0
2012-06-23,10250.0
2012-06-24,10358.0
2012-06-25,10473.0
2012-06-26,10600.0
2012-06-27,10725.0
2012-06-28,10826.0
2012-06-29,10910.0
2012-06-30,11015.0
2012-07-01,11098.0
2012-07-02,11216.0
2012-07-03,11347.0
2012-07-04,11454.0
2012-07-05,11572.0
2012-07-06,11698.0
2012-07-07,11698.0
2012-07-08,11955.0
2012-07-09,12108.0
2012-07-10,12257.0
2012-07-11,12415.0
2012-07-12,12591.0
2012-07-13,12748.0
2012-07-14,12878.0
2012-07-15,13024.0
2012-07-16,13203.0
2012-07-17,13403.0
2012-07-18,13586.0
2012-07-19,13780.0
2012-07-20,13949.0
2012-07-21,14063.0
2012-07-22,14183.0
2012-07-23,14337.0
2012-07-24,14337.0
2012-07-25,14609.0
2012-07-26,14724.0
2012-07-27,14828.0
2012-07-28,14927.0
2012-07-29,15050.0
2012-07-30,15197.0
2012-07-31,15340.0
2012-08-01,15459.0
2012-08-02,15603.0
2012-08-03,15728.0
2012-08-04,15852.0
2012-08-05,16003.0
2012-08-06,16174.0
2012-08-07,16320.0
2012-08-08,16475.0
2012-08-09,16625.0
2012-08-10,16625.0
2012-08-11,16878.0
2012-08-12,17036.0
2012-08-13,17217.0
2012-08-14,17440.0
2012-08-15,17674.0
2012-08-16,17883.0
2012-08-17,18058.0
2012-08-18,18211.0
2012-08-19,18405.0
2012-08-20,18642.0
2012-08-21,18863.0
2012-08-22,19093.0
2012-08-23,19301.0
2012-08-24,19477.0
2012-08-25,19669.0
2012-08-26,19855.0
2012-08-27,19855.0
2012-08-28,20245.0
2012-08-29,20430.0
2012-08-30,20614.0
2012-08-31,20792.0
2012-09-01,20938.0
2012-09-02,21134.0
2012-09-03,21335.0
2012-09-04,21526.0
2012-09-05,21778.0
2012-09-06,21987.0
2012-09-07,22176.0
2012-09-08,22353.0
2012-09-09,22570.0
2012-09-10,22766.0
2012-09-11,23015.0
2012-09-12,23227.0
2012-09-13,23227.0
2012-09-14,23630.0
2012-09-15,23842.0
2012-09-16,24071.0
2012-09-17,24310.0
2012-09-18,24596.0
2012-09-19,24866.0
2012-09-20,25063.0
2012-09-21,25257.0
2012-09-22,25464.0
2012-09-23,25702.0
2012-09-24,25986.0
2012-09-25,26265.0
2012-09-26,26538.0
2012-09-27,26842.0
2012-09-28,27123.0
2012-09-29,27400.0
2012-09-30,27400.0
2012-10-01,28121.0
2012-10-02,28480.0
2012-10-03,28812.0
2012-10-04,29106.0
2012-10-05,29356.0
2012-10-06,29609.0
2012-10-07,29928.0
2012-10-08,30263.0
2012-10-09,30585.0
2012-10-10,30926.0
2012-10-11,31268.0
2012-10-12,31537.0
2012-10-13,31837.0
2012-10-14,32152.0
2012-10-15,32425.0
2012-10-16,32750.0
2012-10-17,32750.0
2012-10-18,33375.0
2012-10-19,33651.0
2012-10-20,33923.0
2012-10-21,34211.0
2012-10-22,34567.0
2012-10-23,34857.0
2012-10-24,35121.0
2012-10-25,35384.0
2012-10-26,35650.0
2012-10-27,35907.0
2012-10-28,36152.0
2012-10-29,36435.0
2012-10-30,36707.0
2012-10-31,36986.0
2012-11-01,37221.0
2012-11-02,37402.0
2012-11-03,37402.0
2012-11-04,37913.0
2012-11-05,38182.0
2012-11-06,38461.0
2012-11-07,38724.0
2012-11-08,39033.0
2012-11-09,39270.0
2012-11-10,39516.0
2012-11-11,39759.0
2012-11-12,40018.0
2012-11-13,40324.0
2012-11-14,40615.0
2012-11-15,40958.0
2012-11-16,41301.0
2012-11-17,41639.0
2012-11-18,42017.0
2012-11-19,42435.0
2012-11-20,42435.0
2012-11-21,43199.0
2012-11-22,43500.0
2012-11-23,43761.0
2012-11-24,44089.0
2012-11-25,44421.0
2012-11-26,44808.0
2012-11-27,45223.0
2012-11-28,45698.0
2012-11-29,46109.0
2012-11-30,46429.0
2012-12-01,46813.0
2012-12-02,47184.0
2012-12-03,47612.0
2012-12-04,47988.0
2012-12-05,48336.0
2012-12-06,48720.0
2012-12-07,48720.0
2012-12-08,49364.0
2012-12-09,50056.0
2012-12-10,53179.0
2012-12-11,55906.0
2012-12-12,58142.0
2012-12-13,60270.0
2012-12-14,62038.0
2012-12-15,63254.0
2012-12-16,64693.0
2012-12-17,65840.0
2012-12-18,66978.0
2012-12-19,67838.0
2012-12-20,68657.0
2012-12-21,69660.0
2012-12-22,70669.0
2012-12-23,71688.0
2012-12-24,71688.0
2012-12-25,73096.0
2012-12-26,73919.0
2012-12-27,74807.0
2012-12-28,75685.0
2012-12-29,76563.0
2012-12-30,77232.0
2012-12-31,77841.0
2013-01-01,78671.0
2013-01-02,79328.0
2013-01-03,80035.0
2013-01-04,80581.0
2013-01-05,81304.0
2013-01-06,82264.0
2013-01-07,83175.0
2013-01-08,85046.0
2013-01-09,86754.0
2013-01-10,86754.0
2013-01-11,89315.0
2013-01-12,90370.0
2013-01-13,91358.0
2013-01-14,92287.0
2013-01-15,93134.0
2013-01-16,93966.0
2013-01-17,94797.0
2013-01-18,95662.0
2013-01-19,96434.0
2013-01-20,97204.0
2013-01-21,97978.0
2013-01-22,98690.0
2013-01-23,99409.0
2013-01-24,100137.0
2013-01-25,100846.0
2013-01-26,101624.0
2013-01-27,101624.0
2013-01-28,103131.0
2013-01-29,103901.0
2013-01-30,104616.0
2013-01-31,105386.0
2013-02-01,106166.0
2013-02-02,106934.0
2013-02-03,107601.0
2013-02-04,108332.0
2013-02-05,108911.0
2013-02-06,109733.0
2013-02-07,110457.0
2013-02-08,111151.0
2013-02-09,111857.0
2013-02-10,112616.0
2013-02-11,113372.0
2013-02-12,114095.0
2013-02-13,114095.0
2013-02-14,115694.0
2013-02-15,116575.0
2013-02-16,117423.0
2013-02-17,118419.0
2013-02-18,119379.0
2013-02-19,120283.0
2013-02-20,121141.0
2013-02-21,122017.0
2013-02-22,122845.0
2013-02-23,123763.0
2013-02-24,124685.0
2013-02-25,125534.0
2013-02-26,126468.0
2013-02-27,127323.0
2013-02-28,128295.0
2013-03-01,129129.0
2013-03-02,129129.0
2013-03-03,130804.0
2013-03-04,131891.0
2013-03-05,133101.0
2013-03-06,134344.0
2013-03-07,134908.0
2013-03-08,135956.0
2013-03-09,137064.0
2013-03-10,138195.0
2013-03-11,139373.0
2013-03-12,140235.0
2013-03-13,141235.0
2013-03-14,142158.0
2013-03-15,142930.0
2013-03-16,143822.0
2013-03-17,144807.0
2013-03-18,145918.0
2013-03-19,145918.0
2013-03-20,148934.0
2013-03-21,150484.0
2013-03-22,151985.0
2013-03-23,153442.0
2013-03-24,155040.0
2013-03-25,156702.0
2013-03-26,158841.0
2013-03-27,161197.0
2013-03-28,163619.0
2013-03-29,165764.0
2013-03-30,167617.0
2013-03-31,169896.0
2013-04-01,172965.0
2013-04-02,176862.0
2013-04-03,180768.0
2013-04-04,183747.0
2013-04-05,183747.0
2013-04-06,189100.0
2013-04-07,193799.0
2013-04-08,197846.0
2013-04-09,203419.0
2013-04-10,208598.0
2013-04-11,212774.0
2013-04-12,215661.0
2013-04-13,218263.0
2013-04-14,220869.0
2013-04-15,223363.0
2013-04-16,225727.0
2013-04-17,226475.0
2013-04-18,228489.0
2013-04-19,230333.0
2013-04-20,232115.0
2013-04-21,233959.0
2013-04-22,233959.0
2013-04-23,237368.0
2013-04-24,239046.0
2013-04-25,240714.0
2013-04-26,242215.0
2013-04-27,243762.0
2013-04-28,245294.0
2013-04-29,246826.0
2013-04-30,248307.0
2013-05-01,249957.0
2013-05-02,251776.0
2013-05-03,253614.0
2013-05-04,255348.0
2013-05-05,257232.0
2013-05-06,258958.0
2013-05-07,260728.0
2013-05-08,262339.0
2013-05-09,262339.0
2013-05-10,265186.0
2013-05-11,266765.0
2013-05-12,268371.0
2013-05-13,269829.0
2013-05-14,271342.0
2013-05-15,272722.0
2013-05-16,274062.0
2013-05-17,275525.0
2013-05-18,277091.0
2013-05-19,278632.0
2013-05-20,280219.0
2013-05-21,281617.0
2013-05-22,283029.0
2013-05-23,284200.0
2013-05-24,285423.0
2013-05-25,286595.0
2013-05-26,286595.0
2013-05-27,289335.0
2013-05-28,290897.0
2013-05-29,292370.0
2013-05-30,293740.0
2013-05-31,294983.0
2013-06-01,296314.0
2013-06-02,297719.0
2013-06-03,299174.0
2013-06-04,300570.0
2013-06-05,301864.0
2013-06-06,303259.0
2013-06-07,304451.0
2013-06-08,305653.0
2013-06-09,306999.0
2013-06-10,308385.0
2013-06-11,309714.0
2013-06-12,309714.0
2013-06-13,312151.0
2013-06-14,313209.0
2013-06-15,314217.0
2013-06-16,315322.0
2013-06-17,316640.0
2013-06-18,318057.0
2013-06-19,319312.0
2013-06-20,320559.0
2013-06-21,321597.0
2013-06-22,322614.0
2013-06-23,323859.0
2013-06-24,325294.0
2013-06-25,326553.0
2013-06-26,327848.0
2013-06-27,329239.0
2013-06-28,330442.0
2013-06-29,330442.0
2013-06-30,334016.0
2013-07-01,335965.0
2013-07-02,337567.0
2013-07-03,338907.0
2013-07-04,340206.0
2013-07-05,341371.0
2013-07-06,342417.0
2013-07-07,343646.0
2013-07-08,344952.0
2013-07-09,346149.0
2013-07-10,347329.0
2013-07-11,348460.0
2013-07-12,349434.0
2013-07-13,350362.0
2013-07-14,351533.0
2013-07-15,352753.0
2013-07-16,352753.0
2013-07-17,355156.0
2013-07-18,356243.0
2013-07-19,357213.0
2013-07-20,358155.0
2013-07-21,359347.0
2013-07-22,360592.0
2013-07-23,361838.0
2013-07-24,363091.0
2013-07-25,364284.0
2013-07-26,365395.0
2013-07-27,366423.0
2013-07-28,367646.0
2013-07-29,369006.0
2013-07-30,370519.0
2013-07-31,371815.0
2013-08-01,373038.0
2013-08-02,373038.0
2013-08-03,375222.0
2013-08-04,376431.0
2013-08-05,377726.0
2013-08-06,379063.0
2013-08-07,380319.0
2013-08-08,381557.0
2013-08-09,382833.0
2013-08-10,383949.0
2013-08-11,385119.0
2013-08-12,386577.0
2013-08-13,388072.0
2013-08-14,389809.0
2013-08-15,391829.0
2013-08-16,393672.0
2013-08-17,395141.0
2013-08-18,396925.0
2013-08-19,396925.0
2013-08-20,400578.0
2013-08-21,402296.0
2013-08-22,403858.0
2013-08-23,405133.0
2013-08-24,406360.0
2013-08-25,407743.0
2013-08-26,409400.0
2013-08-27,411079.0
2013-08-28,412433.0
2013-08-29,413824.0
2013-08-30,414788.0
2013-08-31,415799.0
2013-09-01,417062.0
2013-09-02,418399.0
2013-09-03,419671.0
2013-09-04,420883.0
2013-09-05,420883.0
2013-09-06,423130.0
2013-09-07,424219.0
2013-09-08,425379.0
2013-09-09,426674.0
2013-09-10,427888.0
2013-09-11,429173.0
2013-09-12,430380.0
2013-09-13,431522.0
2013-09-14,432581.0
2013-09-15,433766.0
2013-09-16,434971.0
2013-09-17,436205.0
2013-09-18,437254.0
2013-09-19,438608.0
2013-09-20,440206.0
2013-09-21,441632.0
2013-09-22,441632.0
2013-09-23,444706.0
2013-09-24,446106.0
2013-09-25,447429.0
2013-09-26,448624.0
2013-09-27,449762.0
2013-09-28,450981.0
2013-09-29,452302.0
2013-09-30,453632.0
2013-10-01,454922.0
2013-10-02,456551.0
2013-10-03,458047.0
2013-10-04,459494.0
2013-10-05,460788.0
2013-10-06,462433.0
2013-10-07,464162.0
2013-10-08,465905.0
2013-10-09,465905.0
2013-10-10,468965.0
2013-10-11,470138.0
2013-10-12,471401.0
2013-10-13,472830.0
2013-10-14,474334.0
2013-10-15,476047.0
2013-10-16,477646.0
2013-10-17,479219.0
2013-10-18,480756.0
2013-10-19,482262.0
2013-10-20,483986.0
2013-10-21,485945.0
2013-10-22,488053.0
2013-10-23,490080.0
2013-10-24,491714.0
2013-10-25,493193.0
2013-10-26,493193.0
2013-10-27,496918.0
2013-10-28,504006.0
2013-10-29,509117.0
2013-10-30,513288.0
2013-10-31,516337.0
2013-11-01,519112.0
2013-11-02,521533.0
2013-11-03,524402.0
2013-11-04,527652.0
2013-11-05,531463.0
2013-11-06,535666.0
2013-11-07,539738.0
2013-11-08,543736.0
2013-11-09,546940.0
2013-11-10,550257.0
2013-11-11,553565.0
2013-11-12,553565.0
2013-11-13,561947.0
2013-11-14,566436.0
2013-11-15,570436.0
2013-11-16,575357.0
2013-11-17,583044.0
2013-11-18,596702.0
2013-11-19,607402.0
2013-11-20,616059.0
2013-11-21,623968.0
2013-11-22,631898.0
2013-11-23,638570.0
2013-11-24,645789.0
2013-11-25,653577.0
2013-11-26,663348.0
2013-11-27,678886.0
2013-11-28,694872.0
2013-11-29,694872.0
2013-11-30,718599.0
2013-12-01,741665.0
2013-12-02,755687.0
2013-12-03,767382.0
2013-12-04,777608.0
2013-12-05,786923.0
2013-12-06,794745.0
2013-12-07,801843.0
2013-12-08,810041.0
2013-12-09,821523.0
2013-12-10,829805.0
2013-12-11,838027.0
2013-12-12,846553.0
2013-12-13,853955.0
2013-12-14,861377.0
2013-12-15,869865.0
2013-12-16,869865.0
2013-12-17,888153.0
2013-12-18,896214.0
2013-12-19,902669.0
2013-12-20,908911.0
2013-12-21,915642.0
2013-12-22,922183.0
2013-12-23,928384.0
2013-12-24,934240.0
2013-12-25,939985.0
2013-12-26,945649.0
2013-12-27,950868.0
2013-12-28,956185.0
2013-12-29,962069.0
2013-12-30,966885.0
2013-12-31,970765.0
2014-01-01,976051.0
2014-01-02,976051.0
2014-01-03,987716.0
2014-01-04,993338.0
2014-01-05,1000366.0
2014-01-06,1007391.0
2014-01-07,1014419.0
2014-01-08,1021081.0
2014-01-09,1027056.0
2014-01-10,1032586.0
2014-01-11,1038211.0
2014-01-12,1044258.0
2014-01-13,1050364.0
2014-01-14,1056556.0
2014-01-15,1063202.0
2014-01-16,1069475.0
2014-01-17,1076470.0
2014-01-18,1081937.0
2014-01-19,1081937.0
2014-01-20,1094815.0
2014-01-21,1102199.0
2014-01-22,1109187.0
2014-01-23,1118105.0
2014-01-24,1124732.0
2014-01-25,1130663.0
2014-01-26,1136756.0
2014-01-27,1143759.0
2014-01-28,1151305.0
2014-01-29,1158069.0
2014-01-30,1163953.0
2014-01-31,1169501.0
2014-02-01,1175250.0
2014-02-02,1181265.0
2014-02-03,1187610.0
2014-02-04,1193990.0
2014-02-05,1193990.0
2014-02-06,1206549.0
2014-02-07,1212010.0
2014-02-08,1217715.0
2014-02-09,1224187.0
2014-02-10,1230466.0
2014-02-11,1235899.0
2014-02-12,1241386.0
2014-02-13,1246606.0
2014-02-14,1251598.0
2014-02-15,1256708.0
2014-02-16,1260750.0
2014-02-17,1266787.0
2014-02-18,1272388.0
2014-02-19,1278074.0
2014-02-20,1283125.0
2014-02-21,1287551.0
2014-02-22,1287551.0
2014-02-23,1297395.0
2014-02-24,1303810.0
2014-02-25,1309676.0
2014-02-26,1315180.0
2014-02-27,1320250.0
2014-02-28,1325084.0
2014-03-01,1329950.0
2014-03-02,1334887.0
2014-03-03,1340251.0
2014-03-04,1345391.0
2014-03-05,1350166.0
2014-03-06,1355221.0
2014-03-07,1359174.0
2014-03-08,1362925.0
2014-03-09,1367298.0
2014-03-10,1371223.0
2014-03-11,1371223.0
2014-03-12,1379940.0
2014-03-13,1383969.0
2014-03-14,1387579.0
2014-03-15,1391529.0
2014-03-16,1395609.0
2014-03-17,1395653.0
2014-03-18,1398541.0
2014-03-19,1403048.0
2014-03-20,1407251.0
2014-03-21,1411232.0
2014-03-22,1415047.0
2014-03-23,1419150.0
2014-03-24,1423642.0
2014-03-25,1428415.0
2014-03-26,1432812.0
2014-03-27,1436682.0
2014-03-28,1436682.0
2014-03-29,1443948.0
2014-03-30,1448143.0
2014-03-31,1451982.0
2014-04-01,1455667.0
2014-04-02,1459364.0
2014-04-03,1462892.0
2014-04-04,1466318.0
2014-04-05,1469806.0
2014-04-06,1473588.0
2014-04-07,1477320.0
2014-04-08,1481350.0
2014-04-09,1485378.0
2014-04-10,1490494.0
2014-04-11,1493700.0
2014-04-12,1497044.0
2014-04-13,1500777.0
2014-04-14,1500777.0
2014-04-15,1508504.0
2014-04-16,1512017.0
2014-04-17,1515608.0
2014-04-18,1518969.0
2014-04-19,1523486.0
2014-04-20,1526798.0
2014-04-21,1530749.0
2014-04-22,1534956.0
2014-04-23,1538908.0
2014-04-24,1542893.0
2014-04-25,1546871.0
2014-04-26,1550878.0
2014-04-27,1554732.0
2014-04-28,1558676.0
2014-04-29,1562212.0
2014-04-30,1565426.0
2014-05-01,1565426.0
2014-05-02,1571997.0
2014-05-03,1575308.0
2014-05-04,1578831.0
2014-05-05,1582868.0
2014-05-06,1586766.0
2014-05-07,1590435.0
2014-05-08,1593737.0
2014-05-09,1596786.0
2014-05-10,1599792.0
2014-05-11,1603225.0
2014-05-12,1606735.0
2014-05-13,1610679.0
2014-05-14,1614349.0
2014-05-15,1617504.0
2014-05-16,1620557.0
2014-05-17,1623695.0
2014-05-18,1623695.0
2014-05-19,1630948.0
2014-05-20,1634540.0
2014-05-21,1638215.0
2014-05-22,1641667.0
2014-05-23,1644710.0
2014-05-24,1647891.0
2014-05-25,1651897.0
2014-05-26,1655830.0
2014-05-27,1660245.0
2014-05-28,1664442.0
2014-05-29,1668573.0
2014-05-30,1672398.0
2014-05-31,1675841.0
2014-06-01,1680069.0
2014-06-02,1684203.0
2014-06-03,1688351.0
2014-06-04,1688351.0
2014-06-05,1696012.0
2014-06-06,1699443.0
2014-06-07,1703187.0
2014-06-08,1707220.0
2014-06-09,1711347.0
2014-06-10,1715846.0
2014-06-11,1720129.0
2014-06-12,1724098.0
2014-06-13,1727532.0
2014-06-14,1731308.0
2014-06-15,1735471.0
2014-06-16,1740222.0
2014-06-17,1744305.0
2014-06-18,1748219.0
2014-06-19,1752029.0
2014-06-20,1755717.0
2014-06-21,1755717.0
2014-06-22,1762878.0
2014-06-23,1766949.0
2014-06-24,1770973.0
2014-06-25,1775116.0
2014-06-26,1779103.0
2014-06-27,1782880.0
2014-06-28,1786685.0
2014-06-29,1791263.0
2014-06-30,1795938.0
2014-07-01,1800748.0
2014-07-02,1805638.0
2014-07-03,1809955.0
2014-07-04,1813637.0
2014-07-05,1817503.0
2014-07-06,1821881.0
2014-07-07,1826405.0
2014-07-08,1826405.0
2014-07-09,1835713.0
2014-07-10,1840140.0
2014-07-11,1844181.0
2014-07-12,1847903.0
2014-07-13,1852238.0
2014-07-14,1856572.0
2014-07-15,1860837.0
2014-07-16,1865266.0
2014-07-17,1869646.0
2014-07-18,1873719.0
2014-07-19,1878182.0
2014-07-20,1882933.0
2014-07-21,1887510.0
2014-07-22,1892183.0
2014-07-23,1896770.0
2014-07-24,1901107.0
2014-07-25,1901107.0
2014-07-26,1909047.0
2014-07-27,1913748.0
2014-07-28,1922272.0
2014-07-29,1930905.0
2014-07-30,1937615.0
2014-07-31,1943654.0
2014-08-01,1949629.0
2014-08-02,1954683.0
2014-08-03,1961867.0
2014-08-04,1970816.0
2014-08-05,1978691.0
2014-08-06,1984961.0
2014-08-07,1990454.0
2014-08-08,1995407.0
2014-08-09,2000256.0
2014-08-10,2005514.0
2014-08-11,2005514.0
2014-08-12,2017054.0
2014-08-13,2022619.0
2014-08-14,2027773.0
2014-08-15,2032708.0
2014-08-16,2037795.0
2014-08-17,2043581.0
2014-08-18,2049465.0
2014-08-19,2055092.0
2014-08-20,2060507.0
2014-08-21,2066099.0
2014-08-22,2070778.0
2014-08-23,2075606.0
2014-08-24,2081034.0
2014-08-25,2086767.0
2014-08-26,2092230.0
2014-08-27,2097947.0
2014-08-28,2097947.0
2014-08-29,2107985.0
2014-08-30,2114088.0
2014-08-31,2118964.0
2014-09-01,2125124.0
2014-09-02,2130197.0
2014-09-03,2135769.0
2014-09-04,2140651.0
2014-09-05,2145615.0
2014-09-06,2158632.0
2014-09-07,2164136.0
2014-09-08,2169931.0
2014-09-09,2175346.0
2014-09-10,2180081.0
2014-09-11,2184552.0
2014-09-12,2188693.0
2014-09-13,2193477.0
2014-09-14,2193477.0
2014-09-15,2203182.0
2014-09-16,2207905.0
2014-09-17,2212540.0
2014-09-18,2218905.0
2014-09-19,2222984.0
2014-09-20,2227543.0
2014-09-21,2232406.0
2014-09-22,2237581.0
2014-09-23,2242964.0
2014-09-24,2248618.0
2014-09-25,2253475.0
2014-09-26,2257716.0
2014-09-27,2262294.0
2014-09-28,2267085.0
2014-09-29,2271978.0
2014-09-30,2276636.0
2014-10-01,2276636.0
2014-10-02,2285468.0
2014-10-03,2289712.0
2014-10-04,2294746.0
2014-10-05,2299839.0
2014-10-06,2305242.0
2014-10-07,2310933.0
2014-10-08,2316618.0
2014-10-09,2321603.0
2014-10-10,2326689.0
2014-10-11,2331810.0
2014-10-12,2336999.0
2014-10-13,2342157.0
2014-10-14,2347111.0
2014-10-15,2352582.0
2014-10-16,2357177.0
2014-10-17,2361569.0
2014-10-18,2361569.0
2014-10-19,2370886.0
2014-10-20,2376258.0
2014-10-21,2381387.0
2014-10-22,2385891.0
2014-10-23,2390219.0
2014-10-24,2394480.0
2014-10-25,2399236.0
2014-10-26,2407862.0
2014-10-27,2412721.0
2014-10-28,2417787.0
2014-10-29,2422956.0
2014-10-30,2428297.0
2014-10-31,2432909.0
2014-11-01,2437743.0
2014-11-02,2442649.0
2014-11-03,2447677.0
2014-11-04,2447677.0
2014-11-05,2457672.0
2014-11-06,2462589.0
2014-11-07,2467532.0
2014-11-08,2472448.0
2014-11-09,2477509.0
2014-11-10,2482915.0
2014-11-11,2488094.0
2014-11-12,2493727.0
2014-11-13,2499028.0
2014-11-14,2504332.0
2014-11-15,2509233.0
2014-11-16,2514428.0
2014-11-17,2519771.0
2014-11-18,2524914.0
2014-11-19,2529796.0
2014-11-20,2534878.0
2014-11-21,2534878.0
2014-11-22,2544836.0
2014-11-23,2549601.0
2014-11-24,2554674.0
2014-11-25,2560435.0
2014-11-26,2564992.0
2014-11-27,2569340.0
2014-11-28,2573701.0
2014-11-29,2578398.0
2014-11-30,2583362.0
2014-12-01,2588840.0
2014-12-02,2593733.0
2014-12-03,2599020.0
2014-12-04,2604407.0
2014-12-05,2608811.0
2014-12-06,2613340.0
2014-12-07,2618587.0
2014-12-08,2618587.0
2014-12-09,2628460.0
2014-12-10,2633643.0
2014-12-11,2638426.0
2014-12-12,2643050.0
2014-12-13,2647972.0
2014-12-14,2652862.0
2014-12-15,2657865.0
2014-12-16,2662926.0
2014-12-17,2667321.0
2014-12-18,2671548.0
2014-12-19,2675488.0
2014-12-20,2679956.0
2014-12-21,2685403.0
2014-12-22,2690142.0
2014-12-23,2694455.0
2014-12-24,2698222.0
2014-12-25,2698222.0
2014-12-26,2706304.0
2014-12-27,2710429.0
2014-12-28,2715465.0
2014-12-29,2719717.0
2014-12-30,2723272.0
2014-12-31,2726154.0
2015-01-01,2730066.0
2015-01-02,2734236.0
2015-01-03,2738654.0
2015-01-04,2743273.0
2015-01-05,2747920.0
2015-01-06,2752885.0
2015-01-07,2757765.0
2015-01-08,2763084.0
2015-01-09,2768262.0
2015-01-10,2773180.0
2015-01-11,2773180.0
2015-01-12,2783890.0
2015-01-13,2788850.0
2015-01-14,2793579.0
2015-01-15,2798054.0
2015-01-16,2802278.0
2015-01-17,2806605.0
2015-01-18,2811208.0
2015-01-19,2815937.0
2015-01-20,2820708.0
2015-01-21,2825099.0
2015-01-22,2829833.0
2015-01-23,2834247.0
2015-01-24,2838958.0
2015-01-25,2844400.0
2015-01-26,2849577.0
2015-01-27,2854516.0
2015-01-28,2854516.0
2015-01-29,2865410.0
2015-01-30,2869986.0
2015-01-31,2874618.0
2015-02-01,2879200.0
2015-02-02,2884217.0
2015-02-03,2888857.0
2015-02-04,2893599.0
2015-02-05,2898259.0
2015-02-06,2902737.0
2015-02-07,2907075.0
2015-02-08,2912046.0
2015-02-09,2917033.0
2015-02-10,2922162.0
2015-02-11,2929390.0
2015-02-12,2937837.0
2015-02-13,2945869.0
2015-02-14,2945869.0
2015-02-15,2956335.0
2015-02-16,2963555.0
2015-02-17,2970780.0
2015-02-18,2977411.0
2015-02-19,2985497.0
2015-02-20,2992923.0
2015-02-21,3000013.0
2015-02-22,3005138.0
2015-02-23,3010723.0
2015-02-24,3016006.0
2015-02-25,3020872.0
2015-02-26,3025567.0
2015-02-27,3029971.0
2015-02-28,3034588.0
2015-03-01,3039526.0
2015-03-02,3044636.0
2015-03-03,3044636.0
2015-03-04,3055406.0
2015-03-05,3060081.0
2015-03-06,3065109.0
2015-03-07,3069787.0
2015-03-08,3074557.0
2015-03-09,3079550.0
2015-03-10,3084290.0
2015-03-11,3089404.0
2015-03-12,3094389.0
2015-03-13,3098868.0
2015-03-14,3103168.0
2015-03-15,3107910.0
2015-03-16,3112613.0
2015-03-17,3117033.0
2015-03-18,3121374.0
2015-03-19,3125378.0
2015-03-20,3125378.0
2015-03-21,3133429.0
2015-03-22,3138102.0
2015-03-23,3142557.0
2015-03-24,3146872.0
2015-03-25,3151518.0
2015-03-26,3157241.0
2015-03-27,3161766.0
2015-03-28,3166526.0
2015-03-29,3171970.0
2015-03-30,3177707.0
2015-03-31,3183329.0
2015-04-01,3188600.0
2015-04-02,3193831.0
2015-04-03,3199026.0
2015-04-04,3203649.0
2015-04-05,3208776.0
2015-04-06,3208776.0
2015-04-07,3219437.0
2015-04-08,3224922.0
2015-04-09,3230462.0
2015-04-10,3234996.0
2015-04-11,3239625.0
2015-04-12,3244947.0
2015-04-13,3250058.0
2015-04-14,3255153.0
2015-04-15,3260309.0
2015-04-16,3265137.0
2015-04-17,3269978.0
2015-04-18,3274244.0
2015-04-19,3279011.0
2015-04-20,3284127.0
2015-04-21,3289120.0
2015-04-22,3294361.0
2015-04-23,3294361.0
2015-04-24,3305388.0
2015-04-25,3310653.0
2015-04-26,3315533.0
2015-04-27,3320401.0
2015-04-28,3325183.0
2015-04-29,3329868.0
2015-04-30,3334318.0
2015-05-01,3338506.0
2015-05-02,3342704.0
2015-05-03,3347618.0
2015-05-04,3356144.0
2015-05-05,3360999.0
2015-05-06,3367895.0
2015-05-07,3372534.0
2015-05-08,3376484.0
2015-05-09,3380972.0
2015-05-10,3380972.0
2015-05-11,3391659.0
2015-05-12,3396825.0
2015-05-13,3401823.0
2015-05-14,3406874.0
2015-05-15,3411578.0
2015-05-16,3416442.0
2015-05-17,3421590.0
2015-05-18,3426967.0
2015-05-19,3432989.0
2015-05-20,3439189.0
2015-05-21,3444694.0
2015-05-22,3449943.0
2015-05-23,3455075.0
2015-05-24,3461126.0
2015-05-25,3467023.0
2015-05-26,3472705.0
2015-05-27,3472705.0
2015-05-28,3485729.0
2015-05-29,3490449.0
2015-05-30,3495018.0
2015-05-31,3500077.0
2015-06-01,3505036.0
2015-06-02,3511027.0
2015-06-03,3516140.0
2015-06-04,3521147.0
2015-06-05,3526054.0
2015-06-06,3529529.0
2015-06-07,3534606.0
2015-06-08,3540083.0
2015-06-09,3545295.0
2015-06-10,3551064.0
2015-06-11,3555894.0
2015-06-12,3560971.0
2015-06-13,3560971.0
2015-06-14,3571055.0
2015-06-15,3576808.0
2015-06-16,3583017.0
2015-06-17,3589704.0
2015-06-18,3595963.0
2015-06-19,3601449.0
2015-06-20,3607698.0
2015-06-21,3613832.0
2015-06-22,3619636.0
2015-06-23,3625728.0
2015-06-24,3631878.0
2015-06-25,3637953.0
2015-06-26,3643621.0
2015-06-27,3648675.0
2015-06-28,3654521.0
2015-06-29,3666010.0
2015-06-30,3666010.0
2015-07-01,3678446.0
2015-07-02,3684712.0
2015-07-03,3691609.0
2015-07-04,3696670.0
2015-07-05,3703034.0
2015-07-06,3709806.0
2015-07-07,3716621.0
2015-07-08,3723311.0
2015-07-09,3732816.0
2015-07-10,3739207.0
2015-07-11,3745241.0
2015-07-12,3751805.0
2015-07-13,3790367.0
2015-07-14,3797826.0
2015-07-15,3803686.0
2015-07-16,3809138.0
2015-07-17,3809138.0
2015-07-18,3820052.0
2015-07-19,3826491.0
2015-07-20,3833426.0
2015-07-21,3839985.0
2015-07-22,3846817.0
2015-07-23,3853422.0
2015-07-24,3859171.0
2015-07-25,3865405.0
2015-07-26,3872002.0
2015-07-27,3878394.0
2015-07-28,3885141.0
2015-07-29,3891830.0
2015-07-30,3897914.0
2015-07-31,3903592.0
2015-08-01,3912526.0
2015-08-02,3919540.0
2015-08-03,3919540.0
2015-08-04,3933656.0
2015-08-05,3939766.0
2015-08-06,3945526.0
2015-08-07,3950759.0
2015-08-08,3956107.0
2015-08-09,3961954.0
2015-08-10,3968223.0
2015-08-11,3975331.0
2015-08-12,3984562.0
2015-08-13,3991048.0
2015-08-14,3996755.0
2015-08-15,4004155.0
2015-08-16,4010440.0
2015-08-17,4017248.0
2015-08-18,4017248.0
2015-08-19,4023883.0
2015-08-20,4036635.0
2015-08-21,4065426.0
2015-08-22,4088174.0
2015-08-23,4095100.0
2015-08-24,4101954.0
2015-08-25,4113830.0
2015-08-26,4121710.0
2015-08-27,4128152.0
2015-08-28,4134777.0
2015-08-29,4140784.0
2015-08-30,4146673.0
2015-08-31,4153093.0
2015-09-01,4159985.0
2015-09-02,4166582.0
2015-09-03,4173275.0
2015-09-04,4176098.0
2015-09-05,4182841.0
2015-09-06,4189121.0
2015-09-07,4195635.0
2015-09-08,4202009.0
2015-09-09,4208444.0
2015-09-10,4215298.0
2015-09-11,4222150.0
2015-09-12,4228337.0
2015-09-13,4244070.0
2015-09-14,4251709.0
2015-09-15,4259086.0
2015-09-16,4266730.0
2015-09-17,4273816.0
2015-09-18,4280754.0
2015-09-19,4288079.0
2015-09-20,4296473.0
2015-09-21,4303881.0
2015-09-22,4311247.0
2015-09-23,4318568.0
2015-09-24,4325864.0
2015-09-25,4332591.0
2015-09-26,4339229.0
2015-09-27,4345824.0
2015-09-28,4353659.0
2015-09-29,4362605.0
2015-09-30,4372219.0
2015-10-01,4382134.0
2015-10-02,4391799.0
2015-10-03,4399506.0
2015-10-04,4407020.0
2015-10-05,4415032.0
2015-10-06,4427982.0
2015-10-07,4439625.0
2015-10-08,4449533.0
2015-10-09,4478025.0
2015-10-10,4486171.0
2015-10-11,4493934.0
2015-10-12,4504330.0
2015-10-13,4516989.0
2015-10-14,4528285.0
2015-10-15,4538391.0
2015-10-16,4547466.0
2015-10-17,4556219.0
2015-10-18,4565229.0
2015-10-19,4575077.0
2015-10-20,4584778.0
2015-10-21,4593770.0
2015-10-22,4602627.0
2015-10-23,4611251.0
2015-10-24,4619591.0
2015-10-25,4627736.0
2015-10-26,4633433.0
2015-10-27,4642084.0
2015-10-28,4653806.0
2015-10-29,4665697.0
2015-10-30,4677539.0
2015-10-31,4688287.0
2015-11-01,4698167.0
2015-11-02,4711290.0
2015-11-03,4724172.0
2015-11-04,4738010.0
2015-11-05,4750692.0
2015-11-06,4762528.0
2015-11-07,4772823.0
2015-11-08,4782986.0
2015-11-09,4793746.0
2015-11-10,4804531.0
2015-11-11,4814378.0
2015-11-12,4824260.0
2015-11-13,4833613.0
2015-11-14,4843010.0
2015-11-15,4852513.0
2015-11-16,4862637.0
2015-11-17,4873149.0
2015-11-18,4884841.0
2015-11-19,4898222.0
2015-11-20,4910696.0
2015-11-21,4921707.0
2015-11-22,4933602.0
2015-11-23,4945865.0
2015-11-24,4956487.0
2015-11-25,4967936.0
2015-11-26,4978961.0
2015-11-27,4990347.0
2015-11-28,5001270.0
2015-11-29,5011010.0
2015-11-30,5022931.0
2015-12-01,5034030.0
2015-12-02,5047389.0
2015-12-03,5060672.0
2015-12-04,5073123.0
2015-12-05,5085312.0
2015-12-06,5098858.0
2015-12-07,5117468.0
2015-12-08,5132084.0
2015-12-09,5151568.0
2015-12-10,5163651.0
2015-12-11,5177930.0
2015-12-12,5194282.0
2015-12-13,5208921.0
2015-12-14,5221808.0
2015-12-15,5234373.0
2015-12-16,5247121.0
2015-12-17,5260152.0
2015-12-18,5276188.0
2015-12-19,5289744.0
2015-12-20,5300870.0
2015-12-21,5317902.0
2015-12-22,5330509.0
2015-12-23,5343955.0
2015-12-24,5356882.0
2015-12-25,5368911.0
2015-12-26,5380917.0
2015-12-27,5393406.0
2015-12-28,5404163.0
2015-12-29,5416587.0
2015-12-30,5428667.0
2015-12-31,5439181.0
2016-01-01,5445725.0
2016-01-02,5454997.0
2016-01-03,5464819.0
2016-01-04,5478743.0
2016-01-05,5494195.0
2016-01-06,5516648.0
2016-01-07,5528591.0
2016-01-08,5545336.0
2016-01-09,5555945.0
2016-01-10,5607033.0
2016-01-11,5626227.0
2016-01-12,5647934.0
2016-01-13,5687111.0
2016-01-14,5698571.0
2016-01-15,5708925.0
2016-01-16,5718538.0
2016-01-17,5727557.0
2016-01-18,5737505.0
2016-01-19,5748099.0
2016-01-20,5758594.0
2016-01-21,5769550.0
2016-01-22,5780498.0
2016-01-23,5790790.0
2016-01-24,5800319.0
2016-01-25,5811068.0
2016-01-26,5821858.0
2016-01-27,5832080.0
2016-01-28,5842613.0
2016-01-29,5869723.0
2016-01-30,5879958.0
2016-01-31,5889715.0
2016-02-01,5900031.0
2016-02-02,5911166.0
2016-02-03,5922158.0
2016-02-04,5932993.0
2016-02-05,5943298.0
2016-02-06,5953042.0
2016-02-07,5963049.0
2016-02-08,5974030.0
2016-02-09,5990418.0
2016-02-10,6004822.0
2016-02-11,6018211.0
2016-02-12,6028433.0
2016-02-13,6038500.0
2016-02-14,6048149.0
2016-02-15,6059096.0
2016-02-16,6071809.0
2016-02-17,6083614.0
2016-02-18,6094406.0
2016-02-19,6106627.0
2016-02-20,6118023.0
2016-02-21,6130000.0
2016-02-22,6142217.0
2016-02-23,6154038.0
2016-02-24,6165717.0
2016-02-25,6177728.0
2016-02-26,6189910.0
2016-02-27,6203933.0
2016-02-28,6215834.0
2016-02-29,6227655.0
2016-03-01,6243315.0
2016-03-02,6263101.0
2016-03-03,6274533.0
2016-03-04,6285946.0
2016-03-05,6296865.0
2016-03-06,6308115.0
2016-03-07,6319893.0
2016-03-08,6331643.0
2016-03-09,6343080.0
2016-03-10,6354076.0
2016-03-11,6364167.0
2016-03-12,6374543.0
2016-03-13,6384808.0
2016-03-14,6408681.0
2016-03-15,6444611.0
2016-03-16,6460381.0
2016-03-17,6472713.0
2016-03-18,6484014.0
2016-03-19,6494510.0
2016-03-20,6506740.0
2016-03-21,6518812.0
2016-03-22,6530896.0
2016-03-23,6543081.0
2016-03-24,6554362.0
2016-03-25,6565396.0
2016-03-26,6575816.0
2016-03-27,6586048.0
2016-03-28,6599711.0
2016-03-29,6612101.0
2016-03-30,6635323.0
2016-03-31,6648664.0
2016-04-01,6661126.0
2016-04-02,6672479.0
2016-04-03,6688655.0
2016-04-04,6711189.0
2016-04-05,6724479.0
2016-04-06,6737269.0
2016-04-07,6750120.0
2016-04-08,6762082.0
2016-04-09,6773053.0
2016-04-10,6784740.0
2016-04-11,6797060.0
2016-04-12,6810402.0
2016-04-13,6822736.0
2016-04-14,6834277.0
2016-04-15,6845236.0
2016-04-16,6855579.0
2016-04-17,6865867.0
2016-04-18,6876507.0
2016-04-19,6887695.0
2016-04-20,6898727.0
2016-04-21,6910345.0
2016-04-22,6921588.0
2016-04-23,6931980.0
2016-04-24,6942443.0
2016-04-25,6955905.0
2016-04-26,6968497.0
2016-04-27,6982399.0
2016-04-28,6997552.0
2016-04-29,7012014.0
2016-04-30,7025904.0
2016-05-01,7039303.0
2016-05-02,7055278.0
2016-05-03,7071613.0
2016-05-04,7087522.0
2016-05-05,7102517.0
2016-05-06,7116743.0
2016-05-07,7130242.0
2016-05-08,7143125.0
2016-05-09,7156897.0
2016-05-10,7171822.0
2016-05-11,7187239.0
2016-05-12,7201956.0
2016-05-13,7215311.0
2016-05-14,7227274.0
2016-05-15,7237633.0
2016-05-16,7248646.0
2016-05-17,7260044.0
2016-05-18,7271336.0
2016-05-19,7286044.0
2016-05-20,7298025.0
2016-05-21,7307727.0
2016-05-22,7317059.0
2016-05-23,7334930.0
2016-05-24,7346565.0
2016-05-25,7363557.0
2016-05-26,7376376.0
2016-05-27,7387064.0
2016-05-28,7403194.0
2016-05-29,7420737.0
2016-05-30,7434197.0
2016-05-31,7451927.0
2016-06-01,7464378.0
2016-06-02,7476162.0
2016-06-03,7486653.0
2016-06-04,7504310.0
2016-06-05,7514984.0
2016-06-06,7525984.0
2016-06-07,7536971.0
2016-06-08,7549230.0
2016-06-09,7559711.0
2016-06-10,7570086.0
2016-06-11,7579535.0
2016-06-12,7589736.0
2016-06-13,7601460.0
2016-06-14,7613302.0
2016-06-15,7625562.0
2016-06-16,7637271.0
2016-06-17,7649266.0
2016-06-18,7659937.0
2016-06-19,7670138.0
2016-06-20,7681746.0
2016-06-21,7692841.0
2016-06-22,7703745.0
2016-06-23,7715094.0
2016-06-24,7732453.0
2016-06-25,7742281.0
2016-06-26,7752577.0
2016-06-27,7762999.0
2016-06-28,7773839.0
2016-06-29,7784628.0
2016-06-30,7794814.0
2016-07-01,7805180.0
2016-07-02,7815620.0
2016-07-03,7824850.0
2016-07-04,7835149.0
2016-07-05,7846764.0
2016-07-06,7859275.0
2016-07-07,7870956.0
2016-07-08,7882776.0
2016-07-09,7893747.0
2016-07-10,7905647.0
2016-07-11,7917882.0
2016-07-12,7930745.0
2016-07-13,7942210.0
2016-07-14,7953019.0
2016-07-15,7963235.0
2016-07-16,7972942.0
2016-07-17,7982245.0
2016-07-18,7992529.0
2016-07-19,8003788.0
2016-07-20,8015050.0
2016-07-21,8026140.0
2016-07-22,8036289.0
2016-07-23,8045809.0
2016-07-24,8055026.0
2016-07-25,8066462.0
2016-07-26,8078936.0
2016-07-27,8091577.0
2016-07-28,8102635.0
2016-07-29,8113706.0
2016-07-30,8123646.0
2016-07-31,8133328.0
2016-08-01,8144534.0
2016-08-02,8156634.0
2016-08-03,8171299.0
2016-08-04,8183832.0
2016-08-05,8195575.0
2016-08-06,8206927.0
2016-08-07,8217306.0
2016-08-08,8229264.0
2016-08-09,8241749.0
2016-08-10,8254418.0
2016-08-11,8267543.0
2016-08-12,8279883.0
2016-08-13,8291140.0
2016-08-14,8301680.0
2016-08-15,8313574.0
2016-08-16,8325833.0
2016-08-17,8338537.0
2016-08-18,8351388.0
2016-08-19,8364568.0
2016-08-20,8376577.0
2016-08-21,8389115.0
2016-08-22,8401982.0
2016-08-23,8415070.0
2016-08-24,8428792.0
2016-08-25,8442686.0
2016-08-26,8455634.0
2016-08-27,8467464.0
2016-08-28,8478843.0
2016-08-29,8491403.0
2016-08-30,8504950.0
2016-08-31,8518439.0
2016-09-01,8531200.0
2016-09-02,8543378.0
2016-09-03,8555129.0
2016-09-04,8567518.0
2016-09-05,8581092.0
2016-09-06,8594507.0
2016-09-07,8608331.0
2016-09-08,8622584.0
2016-09-09,8638044.0
2016-09-10,8651037.0
2016-09-11,8664649.0
2016-09-12,8679314.0
2016-09-13,8695382.0
2016-09-14,8709911.0
2016-09-15,8724302.0
2016-09-16,8738021.0
2016-09-17,8751604.0
2016-09-18,8765726.0
2016-09-19,8780464.0
2016-09-20,8796190.0
2016-09-21,8811616.0
2016-09-22,8827132.0
2016-09-23,8842084.0
2016-09-24,8856888.0
2016-09-25,8871122.0
2016-09-26,8886648.0
2016-09-27,8902585.0
2016-09-28,8918780.0
2016-09-29,8935190.0
2016-09-30,8951582.0
2016-10-01,8966606.0
2016-10-02,8982024.0
2016-10-03,8999227.0
2016-10-04,9017643.0
2016-10-05,9035936.0
2016-10-06,9054910.0
2016-10-07,9073828.0
2016-10-08,9091440.0
2016-10-09,9108907.0
2016-10-10,9126826.0
2016-10-11,9145528.0
2016-10-12,9157725.0
2016-10-13,9176966.0
2016-10-14,9194097.0
2016-10-15,9210781.0
2016-10-16,9226751.0
2016-10-17,9245471.0
2016-10-18,9263916.0
2016-10-19,9282480.0
2016-10-20,9300889.0
2016-10-21,9320717.0
2016-10-22,9338686.0
2016-10-23,9355461.0
2016-10-24,9374635.0
2016-10-25,9394920.0
2016-10-26,9414977.0
2016-10-27,9435917.0
2016-10-28,9456182.0
2016-10-29,9475770.0
2016-10-30,9494407.0
2016-10-31,9515530.0
2016-11-01,9537568.0
2016-11-02,9559978.0
2016-11-03,9583811.0
2016-11-04,9606933.0
2016-11-05,9628505.0
2016-11-06,9649024.0
2016-11-07,9672050.0
2016-11-08,9697458.0
2016-11-09,9722320.0
2016-11-10,9746096.0
2016-11-11,9769214.0
2016-11-12,9790842.0
2016-11-13,9812599.0
2016-11-14,9838510.0
2016-11-15,9864913.0
2016-11-16,9891997.0
2016-11-17,9919854.0
2016-11-18,9946870.0
2016-11-19,9971346.0
2016-11-20,9994601.0
2016-11-21,10021491.0
2016-11-22,10049437.0
2016-11-23,10076772.0
2016-11-24,10103701.0
2016-11-25,10130285.0
2016-11-26,10154293.0
2016-11-27,10176271.0
2016-11-28,10202673.0
2016-11-29,10229895.0
2016-11-30,10256870.0
2016-12-01,10285343.0
2016-12-02,10314020.0
2016-12-03,10339653.0
2016-12-04,10364680.0
2016-12-05,10394132.0
2016-12-06,10425918.0
2016-12-07,10456219.0
2016-12-08,10485871.0
2016-12-09,10513322.0
2016-12-10,10538568.0
2016-12-11,10584824.0
2016-12-12,10584824.0
2016-12-13,10609307.0
2016-12-14,10632616.0
2016-12-15,10654351.0
2016-12-16,10673581.0
2016-12-17,10691889.0
2016-12-18,10709127.0
2016-12-19,10730121.0
2016-12-20,10751122.0
2016-12-21,10772741.0
2016-12-22,10795676.0
2016-12-23,10818540.0
2016-12-24,10837759.0
2016-12-25,10853500.0
2016-12-26,10871791.0
2016-12-27,10893168.0
2016-12-28,10916410.0
2016-12-29,10939859.0
2016-12-30,10961809.0
2016-12-31,10980042.0
2017-01-01,10992405.0
2017-01-02,11012695.0
2017-01-03,11037425.0
2017-01-04,11064485.0
2017-01-05,11093917.0
2017-01-06,11120224.0
2017-01-07,11143505.0
2017-01-08,11166355.0
2017-01-09,11190916.0
2017-01-10,11215879.0
2017-01-11,11240523.0
2017-01-12,11265681.0
2017-01-13,11288454.0
2017-01-14,11310109.0
2017-01-15,11331053.0
2017-01-16,11353117.0
2017-01-17,11375964.0
2017-01-18,11398826.0
2017-01-19,11421609.0
2017-01-20,11442446.0
2017-01-21,11462398.0
2017-01-22,11482516.0
2017-01-23,11505686.0
2017-01-24,11527544.0
2017-01-25,11549342.0
2017-01-26,11570337.0
2017-01-27,11591356.0
2017-01-28,11611762.0
2017-01-29,11631342.0
2017-01-30,11653093.0
2017-01-31,11676600.0
2017-02-01,11699453.0
2017-02-02,11722629.0
2017-02-03,11744910.0
2017-02-04,11766900.0
2017-02-05,11788875.0
2017-02-06,11811899.0
2017-02-07,11835231.0
2017-02-08,11857977.0
2017-02-09,11880316.0
2017-02-10,11901993.0
2017-02-11,11922903.0
2017-02-12,11943593.0
2017-02-13,11965919.0
2017-02-14,11987965.0
2017-02-15,12009557.0
2017-02-16,12032820.0
2017-02-17,12054884.0
2017-02-18,12076602.0
2017-02-19,12096833.0
2017-02-20,12119410.0
2017-02-21,12142735.0
2017-02-22,12165897.0
2017-02-23,12189249.0
2017-02-24,12212766.0
2017-02-25,12237328.0
2017-02-26,12259730.0
2017-02-27,12284096.0
2017-02-28,12309173.0
2017-03-01,12331325.0
2017-03-02,12352066.0
2017-03-03,12373763.0
2017-03-04,12393892.0
2017-03-05,12413383.0
2017-03-06,12433044.0
2017-03-07,12453478.0
2017-03-08,12473057.0
2017-03-09,12492436.0
2017-03-10,12511003.0
2017-03-11,12528656.0
2017-03-12,12545254.0
2017-03-13,12563447.0
2017-03-14,12581602.0
2017-03-15,12599825.0
2017-03-16,12619042.0
2017-03-17,12639003.0
2017-03-18,12656618.0
2017-03-19,12673511.0
2017-03-20,12691470.0
2017-03-21,12709860.0
2017-03-22,12728925.0
2017-03-23,12748358.0
2017-03-24,12767467.0
2017-03-25,12785093.0
2017-03-26,12800919.0
2017-03-27,12818152.0
2017-03-28,12836242.0
2017-03-29,12853530.0
2017-03-30,12870915.0
2017-03-31,12888060.0
2017-04-01,12905207.0
2017-04-02,12921247.0
2017-04-03,12938853.0
2017-04-04,12957995.0
2017-04-05,12976517.0
2017-04-06,12995484.0
2017-04-07,13013593.0
2017-04-08,13029552.0
2017-04-09,13044154.0
2017-04-10,13060756.0
2017-04-11,13078292.0
2017-04-12,13095200.0
2017-04-13,13112613.0
2017-04-14,13129058.0
2017-04-15,13143766.0
2017-04-16,13157931.0
2017-04-17,13174781.0
2017-04-18,13193214.0
2017-04-19,13210892.0
2017-04-20,13228570.0
2017-04-21,13245107.0
2017-04-22,13261327.0
2017-04-23,13277259.0
2017-04-24,13295023.0
2017-04-25,13313643.0
2017-04-26,13332202.0
2017-04-27,13350970.0
2017-04-28,13369326.0
2017-04-29,13386157.0
2017-04-30,13401555.0
2017-05-01,13419295.0
2017-05-02,13439324.0
2017-05-03,13459052.0
2017-05-04,13480936.0
2017-05-05,13503518.0
2017-05-06,13523985.0
2017-05-07,13542684.0
2017-05-08,13564021.0
2017-05-09,13587310.0
2017-05-10,13611433.0
2017-05-11,13634929.0
2017-05-12,13658065.0
2017-05-13,13681547.0
2017-05-14,13703661.0
2017-05-15,13728806.0
2017-05-16,13754432.0
2017-05-17,13780592.0
2017-05-18,13805977.0
2017-05-19,13831826.0
2017-05-20,13855725.0
2017-05-21,13880971.0
2017-05-22,13911418.0
2017-05-23,13948531.0
2017-05-24,13984593.0
2017-05-25,14025468.0
2017-05-26,14060114.0
2017-05-27,14086510.0
2017-05-28,14109805.0
2017-05-29,14137661.0
2017-05-30,14164776.0
2017-05-31,14191518.0
2017-06-01,14218866.0
2017-06-02,14245077.0
2017-06-03,14268112.0
2017-06-04,14290963.0
2017-06-05,14316618.0
2017-06-06,14345800.0
2017-06-07,14375398.0
2017-06-08,14401811.0
2017-06-09,14427305.0
2017-06-10,14451045.0
2017-06-11,14474934.0
2017-06-12,14504349.0
2017-06-13,14533360.0
2017-06-14,14559986.0
2017-06-15,14587846.0
2017-06-16,14613236.0
2017-06-17,14635922.0
2017-06-18,14657444.0
2017-06-19,14683513.0
2017-06-20,14710694.0
2017-06-21,14727682.0
2017-06-22,14759006.0
2017-06-23,14789322.0
2017-06-24,14816623.0
2017-06-25,14833004.0
2017-06-26,14864429.0
2017-06-27,14880156.0
2017-06-28,14910983.0
2017-06-29,14931956.0
2017-06-30,14968009.0
2017-07-01,14992878.0
2017-07-02,15012452.0
2017-07-03,15018195.0
2017-07-04,15063641.0
2017-07-05,15087440.0
2017-07-06,15107585.0
2017-07-07,15131111.0
2017-07-08,15157826.0
2017-07-09,15193479.0
2017-07-10,15212409.0
2017-07-11,15235621.0
2017-07-12,15265268.0
2017-07-13,15277283.0
2017-07-14,15277283.0
2017-08-01,15695040.0
2017-08-02,15713084.0
2017-08-03,15738376.0
2017-08-04,15754533.0
2017-08-05,15770223.0
2017-08-06,15795255.0
2017-08-07,15818738.0
2017-08-08,15848250.0
2017-08-09,15868134.0
2017-08-10,15895133.0
2017-08-11,15913531.0
2017-08-12,15936256.0
2017-08-13,15967771.0
2017-08-14,15992082.0
2017-08-15,16030405.0
2017-08-16,16057651.0
2017-08-17,16093158.0
2017-08-18,16118648.0
2017-08-19,16135274.0
2017-08-20,16174158.0
2017-08-21,16203923.0
2017-08-22,16236142.0
2017-08-23,16254090.0
2017-08-24,16285960.0
2017-08-25,16318023.0
2017-08-26,16337365.0
2017-08-27,16362216.0
2017-08-28,16374073.0
2017-08-29,16413878.0
2017-08-30,16452279.0
2017-08-31,16483747.0
2017-09-01,16519724.0
2017-09-02,16543820.0
2017-09-03,16577787.0
2017-09-04,16608847.0
2017-09-05,16633880.0
2017-09-06,16660188.0
2017-09-07,16699899.0
2017-09-08,16720764.0
2017-09-09,16751705.0
2017-09-10,16775085.0
2017-09-11,16790164.0
2017-09-12,16829685.0
2017-09-13,16850903.0
2017-09-14,16881324.0
2017-09-15,16896609.0
2017-09-16,16896609.0
2017-09-20,17032335.0
2017-09-21,17056108.0
2017-09-22,17081938.0
2017-09-23,17097854.0
2017-09-24,17104249.0
2017-09-25,17134865.0
2017-09-26,17162305.0
2017-09-27,17182806.0
2017-09-28,17201375.0
2017-09-29,17226168.0
2017-09-30,17255044.0
2017-10-01,17277818.0
2017-10-02,17300066.0
2017-10-03,17312457.0
2017-10-04,17332159.0
2017-10-05,17369309.0
2017-10-06,17385625.0
2017-10-07,17404506.0
2017-10-08,17431605.0
2017-10-09,17452385.0
2017-10-10,17468930.0
2017-10-11,17497046.0
2017-10-12,17529679.0
2017-10-13,17575874.0
2017-10-14,17595050.0
2017-10-15,17639093.0
2017-10-16,17665382.0
2017-10-17,17705898.0
2017-10-18,17736481.0
2017-10-19,17750996.0
2017-10-20,17804248.0
2017-10-21,17834066.0
2017-10-22,17882627.0
2017-10-23,17910984.0
2017-10-24,17933621.0
2017-10-25,17985489.0
2017-10-26,18019904.0
2017-10-27,18053981.0
2017-10-28,18066019.0
2017-10-29,18107092.0
2017-10-30,18130912.0
2017-10-31,18201731.0
2017-11-01,18234008.0
2017-11-02,18260338.0
2017-11-03,18325695.0
2017-11-04,18362896.0
2017-11-05,18405132.0
2017-11-06,18452011.0
2017-11-07,18484924.0
2017-11-08,18511288.0
2017-11-09,18557651.0
2017-11-10,18584907.0
2017-11-11,18616356.0
2017-11-12,18648418.0
2017-11-13,18692769.0
2017-11-14,18732076.0
2017-11-15,18757563.0
2017-11-16,18797412.0
2017-11-17,18832344.0
2017-11-18,18855103.0
2017-11-19,18902058.0
2017-11-20,18937477.0
2017-11-21,18966444.0
2017-11-22,19004440.0
2017-11-23,19046316.0
2017-11-24,19087129.0
2017-11-25,19107369.0
2017-11-26,19152189.0
2017-11-27,19190597.0
2017-11-28,19261417.0
2017-11-29,19336323.0
2017-11-30,19430457.0
2017-12-01,19479107.0
2017-12-02,19546323.0
2017-12-03,19597900.0
2017-12-04,19643241.0
2017-12-05,19746602.0
2017-12-06,19820798.0
2017-12-07,19936050.0
2017-12-08,19971574.0
2017-12-09,20068797.0
2017-12-10,20193317.0
2017-12-11,20287315.0
2017-12-12,20322697.0
2017-12-13,20390317.0
2017-12-14,20538020.0
2017-12-15,20555567.0
2017-12-16,20675865.0
2017-12-17,20693380.0
2017-12-18,20822024.0
2017-12-19,20843609.0
2017-12-20,20979889.0
2017-12-21,20997662.0
2017-12-22,21050400.0
2017-12-23,21165559.0
2017-12-24,21173119.0
2017-12-25,21249422.0
2017-12-26,21291660.0
2017-12-27,21346025.0
2017-12-28,21358221.0
2017-12-29,21400134.0
2017-12-30,21468633.0
2017-12-31,21495718.0
2018-01-01,21509704.0
2018-01-02,21580676.0
2018-01-03,21593351.0
2018-01-04,21636969.0
2018-01-05,21711798.0
2018-01-06,21747072.0
2018-01-07,21829648.0
2018-01-08,21843667.0
2018-01-09,21935758.0
2018-01-10,21956969.0
2018-01-11,22002952.0
2018-01-12,22069779.0
2018-01-13,22080990.0
2018-01-14,22139819.0
2018-01-15,22159448.0
2018-01-16,22199550.0
2018-01-17,22274018.0
2018-01-18,22280452.0
2018-01-19,22336849.0
2018-01-20,22359417.0
2018-01-21,22421059.0
2018-01-22,22448486.0
2018-01-23,22473740.0
2018-01-24,22508835.0
2018-01-25,22518982.0
2018-01-26,22573632.0
2018-01-27,22577505.0
2018-01-28,22609648.0
2018-01-29,22639297.0
2018-01-30,22694466.0
2018-01-31,22697724.0
2018-02-01,22727139.0
2018-02-02,22759639.0
2018-02-03,22783332.0
2018-02-04,22827172.0
2018-02-05,22833137.0
2018-02-06,22877387.0
2018-02-07,22883357.0
2018-02-08,22907903.0
2018-02-09,22946498.0
2018-02-10,22953139.0
2018-02-11,22991753.0
2018-02-12,22994461.0
2018-02-13,23038728.0
2018-02-14,23051069.0
2018-02-15,23078366.0
2018-02-16,23102227.0
2018-02-17,23129454.0
2018-02-18,23134321.0
2018-02-19,23154031.0
2018-02-20,23179921.0
2018-02-21,23213529.0
2018-02-22,23225033.0
2018-02-23,23246285.0
2018-02-24,23266988.0
2018-02-25,23287384.0
2018-02-26,23316633.0
2018-02-27,23329572.0
2018-02-28,23351033.0
2018-03-01,23374674.0
2018-03-02,23393072.0
2018-03-03,23422745.0
2018-03-04,23436973.0
2018-03-05,23454702.0
2018-03-06,23478965.0
2018-03-07,23497629.0
2018-03-08,23523616.0
2018-03-09,23536536.0
2018-03-10,23558131.0
2018-03-11,23573197.0
2018-03-12,23590385.0
2018-03-13,23617253.0
2018-03-14,23628176.0
2018-03-15,23651937.0
2018-03-16,23671846.0
2018-03-17,23694001.0
2018-03-18,23713008.0
2018-03-19,23723080.0
2018-03-20,23745026.0
2018-03-21,23760547.0
2018-03-22,23782053.0
2018-03-23,23797280.0
2018-03-24,23814815.0
2018-03-25,23832625.0
2018-03-26,23866247.0
2018-03-27,23881895.0
2018-03-28,23886161.0
2018-03-29,23902116.0
2018-03-30,23922469.0
2018-03-31,23938923.0
2018-04-01,23967625.0
2018-04-02,23969902.0
2018-04-03,23990517.0
2018-04-04,24003136.0
2018-04-05,24023935.0
2018-04-06,24049481.0
2018-04-07,24056184.0
2018-04-08,24069870.0
2018-04-09,24082688.0
2018-04-10,24101412.0
2018-04-11,24118868.0
2018-04-12,24131097.0
2018-04-13,24149819.0
2018-04-14,24166869.0
2018-04-15,24183999.0
2018-04-16,24198982.0
2018-04-17,24214322.0
2018-04-18,24233739.0
2018-04-19,24247834.0
2018-04-20,24267516.0
2018-04-21,24282954.0
2018-04-22,24301501.0
2018-04-23,24317104.0
2018-04-24,24334231.0
2018-04-25,24354558.0
2018-04-26,24372637.0
2018-04-27,24391577.0
2018-04-28,24391577.0
2018-04-30,24457182.0
2018-05-01,24484140.0
2018-05-02,24500608.0
2018-05-03,24531095.0
2018-05-04,24557052.0
2018-05-05,24568592.0
2018-05-06,24585031.0
2018-05-07,24604449.0
2018-05-08,24622301.0
2018-05-09,24648017.0
2018-05-10,24657976.0
2018-05-11,24672471.0
2018-05-12,24695265.0
2018-05-13,24709581.0
2018-05-14,24732020.0
2018-05-15,24745452.0
2018-05-16,24760116.0
2018-05-17,24776915.0
2018-05-18,24793998.0
2018-05-19,24816167.0
2018-05-20,24828162.0
2018-05-21,24844348.0
2018-05-22,24861590.0
2018-05-23,24880041.0
2018-05-24,24901198.0
2018-05-25,24917053.0
2018-05-26,24934975.0
2018-05-27,24947903.0
2018-05-28,24962353.0
2018-05-29,24983131.0
2018-05-30,24999675.0
2018-05-31,25027274.0
2018-06-01,25044249.0
2018-06-02,25068725.0
2018-06-03,25082595.0
2018-06-04,25103521.0
2018-06-05,25128406.0
2018-06-06,25148027.0
2018-06-07,25170037.0
2018-06-08,25191101.0
2018-06-09,25209656.0
2018-06-10,25223119.0
2018-06-11,25236934.0
2018-06-12,25255751.0
2018-06-13,25275722.0
2018-06-14,25294827.0
2018-06-15,25314589.0
2018-06-16,25334160.0
2018-06-17,25346220.0
2018-06-18,25363145.0
2018-06-19,25383950.0
2018-06-20,25402550.0
2018-06-21,25429966.0
2018-06-22,25471534.0
2018-06-23,25487339.0
2018-06-24,25520661.0
2018-06-25,25548305.0
2018-06-26,25577537.0
2018-06-27,25609013.0
2018-06-28,25634484.0
2018-06-29,25700598.0
2018-06-30,25745972.0
2018-07-01,25766282.0
2018-07-02,25801666.0
2018-07-03,25848783.0
2018-07-04,25881794.0
2018-07-05,25924685.0
2018-07-06,26002911.0
2018-07-07,26008451.0
2018-07-08,26040441.0
2018-07-09,26075111.0
2018-07-10,26109542.0
2018-07-11,26155626.0
2018-07-12,26171813.0
2018-07-13,26205331.0
2018-07-14,26233588.0
2018-07-15,26258594.0
2018-07-16,26305810.0
2018-07-17,26317963.0
2018-07-18,26357257.0
2018-07-19,26381940.0
2018-07-20,26420736.0
2018-07-21,26489365.0
2018-07-22,26525530.0
2018-07-23,26565485.0
2018-07-24,26621015.0
2018-07-25,26671820.0
2018-07-26,26733709.0
2018-07-27,26757275.0
2018-07-28,26816007.0
2018-07-29,26842015.0
2018-07-30,26892507.0
2018-07-31,26942008.0
2018-08-01,27000921.0
2018-08-02,27040929.0
2018-08-03,27083505.0
2018-08-04,27143784.0
2018-08-05,27222344.0
2018-08-06,27274485.0
2018-08-07,27315257.0
2018-08-08,27405577.0
2018-08-09,27486847.0
2018-08-10,27531582.0
2018-08-11,27566714.0
2018-08-12,27628301.0
2018-08-13,27652104.0
2018-08-14,27689208.0
2018-08-15,27715790.0
2018-08-16,27745909.0
2018-08-17,27780989.0
2018-08-18,27802018.0
2018-08-19,27836591.0
2018-08-20,27854758.0
2018-08-21,27870705.0
2018-08-22,27899774.0
2018-08-23,27910696.0
2018-08-24,27942213.0
2018-08-25,27953017.0
2018-08-26,27986176.0
2018-08-27,28003510.0
2018-08-28,28016592.0
2018-08-29,28060207.0
2018-08-30,28079069.0
2018-08-31,28112529.0
2018-09-01,28134322.0
2018-09-02,28146023.0
2018-09-03,28191701.0
2018-09-04,28204944.0
2018-09-05,28242292.0
2018-09-06,28263169.0
2018-09-07,28272498.0
2018-09-08,28311881.0
2018-09-09,28323685.0
2018-09-10,28362032.0
2018-09-11,28380995.0
2018-09-12,28417954.0
2018-09-13,28433724.0
2018-09-14,28445015.0
2018-09-15,28483576.0
2018-09-16,28493640.0
2018-09-17,28533932.0
2018-09-18,28558403.0
2018-09-19,28578862.0
2018-09-20,28621807.0
2018-09-21,28645157.0
2018-09-22,28682122.0
2018-09-23,28695262.0
2018-09-24,28705663.0
2018-09-25,28744506.0
2018-09-26,28769069.0
2018-09-27,28815399.0
2018-09-28,28830132.0
2018-09-29,28869795.0
2018-09-30,28882247.0
2018-10-01,28904902.0
2018-10-02,28942535.0
2018-10-03,28958471.0
2018-10-04,28992821.0
2018-10-05,29016894.0
2018-10-06,29035110.0
2018-10-07,29080633.0
2018-10-08,29098348.0
2018-10-09,29130908.0
2018-10-10,29143292.0
2018-10-11,29174757.0
2018-10-12,29218709.0
2018-10-13,29226740.0
2018-10-14,29258687.0
2018-10-15,29275607.0
2018-10-16,29323774.0
2018-10-17,29344502.0
2018-10-18,29369626.0
2018-10-19,29409421.0
2018-10-20,29423487.0
2018-10-21,29474194.0
2018-10-22,29493113.0
2018-10-23,29510311.0
2018-10-24,29558062.0
2018-10-25,29567762.0
2018-10-26,29626751.0
2018-10-27,29651107.0
2018-10-28,29669649.0
2018-10-29,29708670.0
2018-10-30,29722039.0
2018-10-31,29779040.0
2018-11-01,29790877.0
2018-11-02,29841318.0
2018-11-03,29858742.0
2018-11-04,29880952.0
2018-11-05,29921976.0
2018-11-06,29934993.0
2018-11-07,30031462.0
2018-11-08,30077554.0
2018-11-09,30133865.0
2018-11-10,30210108.0
2018-11-11,30252409.0
2018-11-12,30327611.0
2018-11-13,30361989.0
2018-11-14,30402217.0
2018-11-15,30484071.0
2018-11-16,30530642.0
2018-11-17,30589369.0
2018-11-18,30622107.0
2018-11-19,30680119.0
2018-11-20,30716515.0
2018-11-21,30781813.0
2018-11-22,30848044.0
2018-11-23,30875886.0
2018-11-24,30932747.0
2018-11-25,30950004.0
2018-11-26,30977870.0
2018-11-27,31043047.0
2018-11-28,31069280.0
2018-11-29,31115819.0
2018-11-30,31133195.0
2018-12-01,31148489.0
2018-12-02,31188869.0
2018-12-03,31206534.0
2018-12-04,31243161.0
2018-12-05,31262139.0
2018-12-06,31298604.0
2018-12-07,31328447.0
2018-12-08,31336330.0
2018-12-09,31375074.0
2018-12-10,31381899.0
2018-12-11,31415099.0
2018-12-12,31433112.0
2018-12-13,31457856.0
2018-12-14,31496427.0
2018-12-15,31506165.0
2018-12-16,31549392.0
2018-12-17,31564463.0
2018-12-18,31585141.0
2018-12-19,31626688.0
2018-12-20,31635631.0
2018-12-21,31663887.0
2018-12-22,31686106.0
2018-12-23,31724753.0
2018-12-24,31747538.0
2018-12-25,31753828.0
2018-12-26,31780906.0
2018-12-27,31817708.0
2018-12-28,31842640.0
2018-12-29,31852950.0
2018-12-30,31869983.0
2018-12-31,31906385.0
2019-01-01,31920413.0
2019-01-02,31955907.0
2019-01-03,31969197.0
2019-01-04,31983139.0
2019-01-05,32124379.0
2019-01-06,32136516.0
2019-01-07,32178353.0
2019-01-08,32188996.0
2019-01-09,32218090.0
2019-01-10,32237325.0
2019-01-11,32262119.0
2019-01-12,32299973.0
2019-01-13,32311110.0
2019-01-14,32350802.0
2019-01-15,32361063.0
2019-01-16,32418226.0
2019-01-17,32466144.0
2019-01-18,32476244.0
2019-01-19,32512090.0
2019-01-20,32527239.0
2019-01-21,32551555.0
2019-01-22,32579944.0
2019-01-23,32594221.0
2019-01-24,32640825.0
2019-01-25,32657809.0
2019-01-26,32688146.0
2019-01-27,32704263.0
2019-01-28,32728557.0
2019-01-29,32778119.0
2019-01-30,32808338.0
2019-01-31,32865601.0
2019-02-01,32872051.0
2019-02-02,32897305.0
2019-02-03,32947450.0
2019-02-04,32965404.0
2019-02-05,33001911.0
2019-02-06,33018379.0
2019-02-07,33046600.0
2019-02-08,33092413.0
2019-02-09,33104923.0
2019-02-10,33139376.0
2019-02-11,33168131.0
2019-02-12,33196926.0
2019-02-13,33209938.0
2019-02-14,33232545.0
2019-02-15,33266243.0
2019-02-16,33283619.0
2019-02-17,33321937.0
2019-02-18,33339964.0
2019-02-19,33372940.0
2019-02-20,33419367.0
2019-02-21,33436941.0
2019-02-22,33513777.0
2019-02-23,33544880.0
2019-02-24,33576732.0
2019-02-25,33629564.0
2019-02-26,33651665.0
2019-02-27,33733170.0
2019-02-28,33780967.0
2019-03-01,33840798.0
2019-03-02,33878225.0
2019-03-03,33888556.0
2019-03-04,33919680.0
2019-03-05,33945919.0
2019-03-06,33974721.0
2019-03-07,34006093.0
2019-03-08,34026470.0
2019-03-09,34055947.0
2019-03-10,34080131.0
2019-03-11,34104676.0
2019-03-12,34127053.0
2019-03-13,34140521.0
2019-03-14,34179281.0
2019-03-15,34193691.0
2019-03-16,34223905.0
2019-03-17,34234548.0
2019-03-18,34294094.0
2019-03-19,34319956.0
2019-03-20,34332751.0
2019-03-21,34377269.0
2019-03-22,34386213.0
2019-03-23,34420035.0
2019-03-24,34433949.0
2019-03-25,34446117.0
2019-03-26,34487434.0
2019-03-27,34507055.0
2019-03-28,34544389.0
2019-03-29,34579239.0
2019-03-30,34596866.0
2019-03-31,34660975.0
2019-04-01,34695663.0
2019-04-02,34783128.0
2019-04-03,34845001.0
2019-04-04,34897352.0
2019-04-05,34934498.0
2019-04-06,34960407.0
2019-04-07,35013239.0
2019-04-08,35060171.0
2019-04-09,35179532.0
2019-04-10,35232412.0
2019-04-11,35280965.0
2019-04-12,35379002.0
2019-04-13,35402673.0
2019-04-14,35463346.0
2019-04-15,35494538.0
2019-04-16,35517163.0
2019-04-17,35587956.0
2019-04-18,35648587.0
2019-04-19,35741771.0
2019-04-20,35778340.0
2019-04-21,35845342.0
2019-04-22,35874712.0
2019-04-23,35995802.0
2019-04-24,36102750.0
2019-04-25,36158919.0
2019-04-26,36292480.0
2019-04-27,36353202.0
2019-04-28,36401878.0
2019-04-29,36566166.0
2019-04-30,36616530.0
2019-05-01,36740759.0
2019-05-02,36772309.0
2019-05-03,36861953.0
2019-05-04,36995377.0
2019-05-05,37028473.0
2019-05-06,37188347.0
2019-05-07,37220274.0
2019-05-08,37371043.0
2019-05-09,37439814.0
2019-05-10,37471212.0
2019-05-11,37577353.0
2019-05-12,37606748.0
2019-05-13,37717437.0
2019-05-14,37766574.0
2019-05-15,37835748.0
2019-05-16,37936290.0
2019-05-17,37984542.0
2019-05-18,38065417.0
2019-05-19,38114681.0
2019-05-20,38157593.0
2019-05-21,38278908.0
2019-05-22,38307018.0
2019-05-23,38414559.0
2019-05-24,38459166.0
2019-05-25,38532755.0
2019-05-26,38557767.0
2019-05-27,38614230.0
2019-05-28,38718151.0
2019-05-29,38757603.0
2019-05-30,38851168.0
2019-05-31,38872023.0
2019-06-01,38919827.0
2019-06-02,38976746.0
2019-06-03,39002339.0
2019-06-04,39072961.0
2019-06-05,39094131.0
2019-06-06,39133717.0
2019-06-07,39193769.0
2019-06-08,39212746.0
2019-06-09,39252978.0
2019-06-10,39271688.0
2019-06-11,39333621.0
2019-06-12,39376037.0
2019-06-13,39393001.0
2019-06-14,39465906.0
2019-06-15,39491491.0
2019-06-16,39542281.0
2019-06-17,39565042.0
2019-06-18,39595836.0
2019-06-19,39645327.0
2019-06-20,39706761.0
2019-06-21,39763959.0
2019-06-22,39796206.0
2019-06-23,39828832.0
2019-06-24,39874981.0
2019-06-25,39916046.0
2019-06-26,39966160.0
2019-06-27,39991499.0
2019-06-28,40043461.0
2019-06-29,40060638.0
2019-06-30,40074020.0
2019-07-01,40111836.0
2019-07-02,40132828.0
2019-07-03,40161666.0
2019-07-04,40196038.0
2019-07-05,40211632.0
2019-07-06,40243498.0
2019-07-07,40254690.0
2019-07-08,40291530.0
2019-07-09,40309827.0
2019-07-10,40345619.0
2019-07-11,40376174.0
2019-07-12,40399598.0
2019-07-13,40437295.0
2019-07-14,40449137.0
2019-07-15,40482019.0
2019-07-16,40505204.0
2019-07-17,40519048.0
2019-07-18,40565937.0
2019-07-19,40589226.0
2019-07-20,40633456.0
2019-07-21,40657260.0
2019-07-22,40667475.0
2019-07-23,40728553.0
2019-07-24,40737498.0
2019-07-25,40770164.0
2019-07-26,40793697.0
2019-07-27,40808062.0
2019-07-28,40841106.0
2019-07-29,40853148.0
2019-07-30,40904092.0
2019-07-31,40921320.0
2019-08-01,40955340.0
2019-08-02,40970953.0
2019-08-03,40981144.0
2019-08-04,41020677.0
2019-08-05,41037416.0
2019-08-06,41077035.0
2019-08-07,41095926.0
2019-08-08,41108175.0
2019-08-09,41137588.0
2019-08-10,41154148.0
2019-08-11,41177950.0
2019-08-12,41190440.0
2019-08-13,41201250.0
2019-08-14,41232379.0
2019-08-15,41247827.0
2019-08-16,41278559.0
2019-08-17,41286754.0
2019-08-18,41313448.0
2019-08-19,41327953.0
2019-08-20,41340625.0
2019-08-21,41378994.0
2019-08-22,41398204.0
2019-08-23,41442701.0
2019-08-24,41453587.0
2019-08-25,41475558.0
2019-08-26,41514600.0
2019-08-27,41527053.0
2019-08-28,41556264.0
2019-08-29,41567754.0
2019-08-30,41592076.0
2019-08-31,41624155.0
2019-09-01,41634225.0
2019-09-02,41663507.0
2019-09-03,41675716.0
2019-09-04,41710860.0
2019-09-05,41734044.0
2019-09-06,41747915.0
2019-09-07,41778659.0
2019-09-08,41785785.0
2019-09-09,41831117.0
2019-09-10,41848524.0
2019-09-11,41889438.0
2019-09-12,41930372.0
2019-09-13,41941175.0
2019-09-14,41975759.0
2019-09-15,41986298.0
2019-09-16,42003731.0
2019-09-17,42039692.0
2019-09-18,42051065.0
2019-09-19,42090468.0
2019-09-20,42105327.0
2019-09-21,42129293.0
2019-09-22,42142254.0
2019-09-23,42152608.0
2019-09-24,42185530.0
2019-09-25,42206586.0
2019-09-26,42232966.0
2019-09-27,42244254.0
2019-09-28,42258154.0
2019-09-29,42285656.0
2019-09-30,42298828.0
2019-10-01,42331656.0
2019-10-02,42362119.0
2019-10-03,42383274.0
2019-10-04,42421559.0
2019-10-05,42431430.0
2019-10-06,42455257.0
2019-10-07,42480269.0
2019-10-08,42502529.0
2019-10-09,42517937.0
2019-10-10,42547545.0
2019-10-11,42587356.0
2019-10-12,42605937.0
2019-10-13,42631287.0
2019-10-14,42646165.0
2019-10-15,42665769.0
2019-10-16,42696924.0
2019-10-17,42704431.0
2019-10-18,42733586.0
2019-10-19,42744436.0
2019-10-20,42759299.0
2019-10-21,42802541.0
2019-10-22,42821901.0
2019-10-23,42854235.0
2019-10-24,42867855.0
2019-10-25,42903322.0
2019-10-26,42925721.0
2019-10-27,42935987.0
2019-10-28,42976277.0
2019-10-29,42988925.0
2019-10-30,43024639.0
2019-10-31,43052627.0
2019-11-01,43063823.0
2019-11-02,43090624.0
2019-11-03,43096329.0
2019-11-04,43127467.0
2019-11-05,43144770.0
2019-11-06,43165127.0
2019-11-07,43208745.0
2019-11-08,43218922.0
2019-11-09,43245198.0
2019-11-10,43262806.0
2019-11-11,43290714.0
2019-11-12,43305277.0
2019-11-13,43320443.0
2019-11-14,43351676.0
2019-11-15,43366266.0
2019-11-16,43428228.0
2019-11-17,43443185.0
2019-11-18,43455306.0
2019-11-19,43518795.0
2019-11-20,43553911.0
2019-11-21,43611739.0
2019-11-22,43637737.0
2019-11-23,43660558.0
2019-11-24,43703259.0
2019-11-25,43729404.0
2019-11-26,43769106.0
2019-11-27,43781467.0
2019-11-28,43832183.0
2019-11-29,43847203.0
2019-11-30,43868014.0
2019-12-01,43911099.0
2019-12-02,43931087.0
2019-12-03,43969171.0
2019-12-04,43998935.0
2019-12-05,44015479.0
2019-12-06,44058104.0
2019-12-07,44072663.0
2019-12-08,44110383.0
2019-12-09,44126743.0
2019-12-10,44156366.0
2019-12-11,44207970.0
2019-12-12,44224414.0
2019-12-13,44281785.0
2019-12-14,44296362.0
2019-12-15,44350614.0
2019-12-16,44374719.0
2019-12-17,44400348.0
2019-12-18,44433952.0
2019-12-19,44456197.0
2019-12-20,44476864.0
2019-12-21,44493665.0
2019-12-22,44511642.0
2019-12-23,44532827.0
2019-12-24,44556096.0
2019-12-25,44572616.0
2019-12-26,44592373.0
2019-12-27,44610480.0
2019-12-28,44631818.0
2019-12-29,44648926.0
2019-12-30,44667093.0
2019-12-31,44690210.0
2020-01-01,44710899.0
2020-01-02,44729012.0
2020-01-03,44748738.0
2020-01-04,44768951.0
2020-01-05,44793044.0
2020-01-06,44818309.0
2020-01-07,44850467.0
2020-01-08,44875478.0
2020-01-09,44908459.0
2020-01-10,44946348.0
2020-01-11,44973673.0
2020-01-12,45007834.0
2020-01-13,45038129.0
2020-01-14,45072235.0
2020-01-15,45106265.0
2020-01-16,45131954.0
2020-01-17,45161679.0
2020-01-18,45181133.0
2020-01-19,45201459.0
2020-01-20,45222594.0
2020-01-21,45245218.0
2020-01-22,45274690.0
2020-01-23,45286088.0
2020-01-24,45320984.0
2020-01-25,45330479.0
2020-01-26,45362743.0
2020-01-27,45382348.0
2020-01-28,45404175.0
2020-01-29,45443453.0
2020-01-30,45464188.0
2020-01-31,45508555.0
2020-02-01,45543087.0
2020-02-02,45568877.0
2020-02-03,45623961.0
2020-02-04,45633595.0
2020-02-05,45681753.0
2020-02-06,45695284.0
2020-02-07,45717091.0
2020-02-08,45753093.0
2020-02-09,45766740.0
2020-02-10,45806648.0
2020-02-11,45820295.0
2020-02-12,45860122.0
2020-02-13,45881476.0
2020-02-14,45895180.0
2020-02-15,45928651.0
2020-02-16,45941918.0
2020-02-17,45980248.0
2020-02-18,46005514.0
2020-02-19,46016535.0
2020-02-20,46052617.0
2020-02-21,46066015.0
2020-02-22,46097716.0
2020-02-23,46113964.0
2020-02-24,46128902.0
2020-02-25,46162646.0
2020-02-26,46176017.0
2020-02-27,46210006.0
2020-02-28,46235497.0
2020-02-29,46262950.0
2020-03-01,46273291.0
2020-03-02,46284367.0
2020-03-03,46319069.0
2020-03-04,46333287.0
2020-03-05,46371330.0
2020-03-06,46389789.0
2020-03-07,46400593.0
2020-03-08,46429464.0
2020-03-09,46440772.0
2020-03-10,46474635.0
2020-03-11,46493972.0
2020-03-12,46510669.0
2020-03-13,46558540.0
2020-03-14,46585354.0
2020-03-15,46616929.0
2020-03-16,46638619.0
2020-03-17,46679512.0
2020-03-18,46698107.0
2020-03-19,46721606.0
2020-03-20,46762105.0
2020-03-21,46783958.0
2020-03-22,46843686.0
2020-03-23,46860343.0
2020-03-24,46891751.0
2020-03-25,46941859.0
2020-03-26,46960435.0
2020-03-27,47009505.0
2020-03-28,47024338.0
2020-03-29,47054658.0
2020-03-30,47103705.0
2020-03-31,47119552.0
2020-04-01,47172006.0
2020-04-02,47189425.0
2020-04-03,47246268.0
2020-04-04,47270376.0
2020-04-05,47299719.0
2020-04-06,47347479.0
2020-04-07,47377765.0
2020-04-08,47432901.0
2020-04-09,47468624.0
2020-04-10,47499401.0
2020-04-11,47525466.0
2020-04-12,47567034.0
2020-04-13,47599472.0
2020-04-14,47633750.0
2020-04-15,47671079.0
2020-04-16,47706353.0
2020-04-17,47740271.0
2020-04-18,47766528.0
2020-04-19,47802950.0
2020-04-20,47840252.0
2020-04-21,47881705.0
2020-04-22,47912346.0
2020-04-23,47940056.0
2020-04-24,47981738.0
2020-04-25,48011787.0
2020-04-26,48051767.0
2020-04-27,48079299.0
2020-04-28,48118992.0
2020-04-29,48150708.0
2020-04-30,48193433.0
2020-05-01,48237283.0
2020-05-02,48274688.0
2020-05-03,48314809.0
2020-05-04,48349487.0
2020-05-05,48389132.0
2020-05-06,48428490.0
2020-05-07,48501845.0
2020-05-08,48559037.0
2020-05-09,48643060.0
2020-05-10,48711408.0
2020-05-11,48785147.0
2020-05-12,48827911.0
2020-05-13,48863513.0
2020-05-14,48930040.0
2020-05-15,48985559.0
2020-05-16,49038987.0
2020-05-17,49072394.0
2020-05-18,49113120.0
2020-05-19,49161786.0
2020-05-20,49203381.0
2020-05-21,49254397.0
2020-05-22,49291081.0
2020-05-23,49338881.0
2020-05-24,49378595.0
2020-05-25,49413967.0
2020-05-26,49457839.0
2020-05-27,49483073.0
2020-05-28,49526761.0
2020-05-29,49552512.0
2020-05-30,49584938.0
2020-05-31,49612974.0
2020-06-01,49639293.0
2020-06-02,49681375.0
2020-06-03,49709097.0
2020-06-04,49741292.0
2020-06-05,49783919.0
2020-06-06,49816588.0
2020-06-07,49841267.0
2020-06-08,49888402.0
2020-06-09,49917252.0
2020-06-10,49956355.0
2020-06-11,49984930.0
2020-06-12,50031529.0
2020-06-13,50058282.0
2020-06-14,50089369.0
2020-06-15,50126939.0
2020-06-16,50166014.0
2020-06-17,50206369.0
2020-06-18,50246500.0
2020-06-19,50280257.0
2020-06-20,50325322.0
2020-06-21,50360607.0
2020-06-22,50408653.0
2020-06-23,50450420.0
2020-06-24,50486024.0
2020-06-25,50528385.0
2020-06-26,50558970.0
2020-06-27,50600687.0
2020-06-28,50632538.0
2020-06-29,50674320.0
2020-06-30,50716342.0
2020-07-01,50760420.0
2020-07-02,50802985.0
2020-07-03,50834080.0
2020-07-04,50874784.0
2020-07-05,50899899.0
2020-07-06,50933404.0
2020-07-07,50976071.0
2020-07-08,51016714.0
2020-07-09,51061792.0
2020-07-10,51100924.0
2020-07-11,51143211.0
2020-07-12,51179181.0
2020-07-13,51213490.0
2020-07-14,51264652.0
2020-07-15,51304849.0
2020-07-16,51353381.0
2020-07-17,51390785.0
2020-07-18,51438971.0
2020-07-19,51467910.0
2020-07-20,51504055.0
2020-07-21,51559155.0
2020-07-22,51592769.0
2020-07-23,51652345.0
2020-07-24,51702236.0
2020-07-25,51762365.0
2020-07-26,51801499.0
2020-07-27,51838178.0
2020-07-28,51903974.0
2020-07-29,51952473.0
2020-07-30,52011787.0
2020-07-31,52039617.0
2020-08-01,52083351.0
2020-08-02,52120519.0
2020-08-03,52148832.0
2020-08-04,52195068.0
2020-08-05,52226563.0
2020-08-06,52272414.0
2020-08-07,52308662.0
2020-08-08,52349422.0
2020-08-09,52379036.0
2020-08-10,52419945.0
2020-08-11,52458602.0
2020-08-12,52507724.0
2020-08-13,52540394.0
2020-08-14,52580626.0
2020-08-15,52627011.0
2020-08-16,52664855.0
2020-08-17,52706520.0
2020-08-18,52738000.0
2020-08-19,52782166.0
2020-08-20,52817610.0
2020-08-21,52845759.0
2020-08-22,52886211.0
2020-08-23,52919425.0
2020-08-24,52960154.0
2020-08-25,52991948.0
2020-08-26,53029649.0
2020-08-27,53055487.0
2020-08-28,53087838.0
2020-08-29,53122759.0
2020-08-30,53146374.0
2020-08-31,53185834.0
2020-09-01,53215210.0
2020-09-02,53256853.0
2020-09-03,53290770.0
2020-09-04,53320829.0
2020-09-05,53356274.0
2020-09-06,53384436.0
2020-09-07,53418019.0
2020-09-08,53449473.0
2020-09-09,53486559.0
2020-09-10,53516044.0
2020-09-11,53539575.0
2020-09-12,53587633.0
2020-09-13,53615722.0
2020-09-14,53657894.0
2020-09-15,53688939.0
2020-09-16,53730063.0
2020-09-17,53765846.0
2020-09-18,53806038.0
2020-09-19,53838268.0
2020-09-20,53887732.0
2020-09-21,53919623.0
2020-09-22,53969300.0
2020-09-23,54003620.0
2020-09-24,54030335.0
2020-09-25,54070881.0
2020-09-26,54103040.0
2020-09-27,54148169.0
2020-09-28,54176009.0
2020-09-29,54224524.0
2020-09-30,54268353.0
2020-10-01,54309711.0
2020-10-02,54355557.0
2020-10-03,54381298.0
2020-10-04,54422490.0
2020-10-05,54466372.0
2020-10-06,54512273.0
2020-10-07,54544080.0
2020-10-08,54575650.0
2020-10-09,54634276.0
2020-10-10,54670996.0
2020-10-11,54727717.0
2020-10-12,54782949.0
2020-10-13,54848355.0
2020-10-14,54902129.0
2020-10-15,54949726.0
2020-10-16,55000664.0
2020-10-17,55030303.0
2020-10-18,55079394.0
2020-10-19,55115853.0
2020-10-20,55163420.0
2020-10-21,55208001.0
2020-10-22,55257266.0
2020-10-23,55310073.0
2020-10-24,55352545.0
2020-10-25,55400672.0
2020-10-26,55451045.0
2020-10-27,55515536.0
2020-10-28,55552213.0
2020-10-29,55603227.0
2020-10-30,55639970.0
2020-10-31,55679027.0
2020-11-01,55723813.0
2020-11-02,55753388.0
2020-11-03,55795796.0
2020-11-04,55856860.0
2020-11-05,55991743.0
2020-11-06,56087261.0
2020-11-07,56294172.0
2020-11-08,56596388.0
2020-11-09,56822220.0
2020-11-10,57020742.0
2020-11-11,57265035.0
2020-11-12,57461403.0
2020-11-13,57646148.0
2020-11-14,57904263.0
2020-11-15,58147334.0
2020-11-16,58287313.0
2020-11-17,58417749.0
2020-11-18,58593733.0
2020-11-19,58734308.0
2020-11-20,58973416.0
2020-11-21,59093963.0
2020-11-22,59214641.0
2020-11-23,59397705.0
2020-11-24,59574299.0
2020-11-25,59765575.0
2020-11-26,59901855.0
2020-11-27,59998550.0
2020-11-28,60131510.0
2020-11-29,60200572.0
2020-11-30,60357819.0
2020-12-01,60437999.0
2020-12-02,60541444.0
2020-12-03,60610991.0
2020-12-04,60674403.0
2020-12-05,60776188.0
2020-12-06,60858512.0
2020-12-07,60951761.0
2020-12-08,61016753.0
2020-12-09,61173163.0
2020-12-10,61263225.0
2020-12-11,61353878.0
2020-12-12,61497483.0
2020-12-13,61565218.0
2020-12-14,61690250.0
2020-12-15,61786133.0
2020-12-16,61909985.0
2020-12-17,62007604.0
2020-12-18,62134202.0
2020-12-19,62245572.0
2020-12-20,62318287.0
2020-12-21,62445179.0
2020-12-22,62537750.0
2020-12-23,62651498.0
2020-12-24,62753715.0
2020-12-25,62839076.0
2020-12-26,62962878.0
2020-12-27,63057974.0
2020-12-28,63199039.0
2020-12-29,63288279.0
2020-12-30,63407664.0
2020-12-31,63457366.0
2021-01-01,63530742.0
2021-01-02,63639909.0
2021-01-03,63721612.0
2021-01-04,63842886.0
2021-01-05,63953197.0
2021-01-06,64020580.0
2021-01-07,64152631.0
2021-01-08,64235131.0
2021-01-09,64336534.0
2021-01-10,64407604.0
2021-01-11,64524611.0
2021-01-12,64594938.0
2021-01-13,64695348.0
2021-01-14,64763419.0
2021-01-15,64836331.0
2021-01-16,64923857.0
2021-01-17,64984596.0
2021-01-18,65098378.0
2021-01-19,65174449.0
2021-01-20,65289426.0
2021-01-21,65374335.0
2021-01-22,65440298.0
2021-01-23,65538976.0
2021-01-24,65614420.0
2021-01-25,65709099.0
2021-01-26,65778347.0
2021-01-27,65864603.0
2021-01-28,65949468.0
2021-01-29,66028048.0
2021-01-30,66122422.0
2021-01-31,66185633.0
2021-02-01,66294460.0
2021-02-02,66370326.0
2021-02-03,66453529.0
2021-02-04,66510090.0
2021-02-05,66572792.0
2021-02-06,66670038.0
2021-02-07,66761528.0
2021-02-08,66869436.0
2021-02-09,66955606.0
2021-02-10,67085259.0
2021-02-11,67161038.0
2021-02-12,67237407.0
2021-02-13,67338918.0
2021-02-14,67436812.0
2021-02-15,67568876.0
2021-02-16,67653791.0
2021-02-17,67721500.0
2021-02-18,67829927.0
2021-02-19,67932753.0
2021-02-20,68068190.0
2021-02-21,68141000.0
2021-02-22,68241019.0
2021-02-23,68343337.0
2021-02-24,68418500.0
2021-02-25,68506021.0
2021-02-26,68582382.0
2021-02-27,68696757.0
2021-02-28,68764103.0
2021-03-01,68845871.0
2021-03-02,68899857.0
2021-03-03,68970270.0
2021-03-04,69019122.0
2021-03-05,69083665.0
2021-03-06,69134392.0
2021-03-07,69203700.0
2021-03-08,69254753.0
2021-03-09,69280653.0
2021-03-10,69357675.0
2021-03-11,69404304.0
2021-03-12,69464770.0
2021-03-13,69514376.0
2021-03-14,69573103.0
2021-03-15,69641502.0
2021-03-16,69686892.0
2021-03-17,69765649.0
2021-03-18,69824551.0
2021-03-19,69878801.0
2021-03-20,69946135.0
2021-03-21,70004521.0
2021-03-22,70099359.0
2021-03-23,70159079.0
2021-03-24,70242502.0
2021-03-25,70289100.0
2021-03-26,70326546.0
2021-03-27,70388097.0
2021-03-28,70433591.0
2021-03-29,70495864.0
2021-03-30,70550972.0
2021-03-31,70654818.0
2021-04-01,70726014.0
2021-04-02,70808398.0
2021-04-03,70878134.0
2021-04-04,70928655.0
2021-04-05,71005161.0
2021-04-06,71057751.0
2021-04-07,71102912.0
2021-04-08,71150921.0
2021-04-09,71187139.0
2021-04-10,71237794.0
2021-04-11,71278089.0
2021-04-12,71341311.0
2021-04-13,71397185.0
2021-04-14,71459756.0
2021-04-15,71509209.0
2021-04-16,71562677.0
2021-04-17,71626566.0
2021-04-18,71667351.0
2021-04-19,71716503.0
2021-04-20,71761811.0
2021-04-21,71813518.0
2021-04-22,71859594.0
2021-04-23,71916191.0
2021-04-24,71969289.0
2021-04-25,72007338.0
2021-04-26,72063678.0
2021-04-27,72110435.0
2021-04-28,72166244.0
2021-04-29,72209342.0
2021-04-30,72243107.0
2021-05-01,72296975.0
2021-05-02,72344287.0
2021-05-03,72397964.0
2021-05-04,72441537.0
2021-05-05,72501462.0
2021-05-06,72544353.0
2021-05-07,72588106.0
2021-05-08,72636742.0
2021-05-09,72668583.0
2021-05-10,72724759.0
2021-05-11,72759419.0
2021-05-12,72807185.0
2021-05-13,72846153.0
2021-05-14,72878672.0
2021-05-15,72921238.0
2021-05-16,72951528.0
2021-05-17,72994856.0
2021-05-18,73024411.0
2021-05-19,73079866.0
2021-05-20,73118150.0
2021-05-21,73141813.0
2021-05-22,73178063.0
2021-05-23,73224985.0
2021-05-24,73277908.0
2021-05-25,73329130.0
2021-05-26,73365685.0
2021-05-27,73396376.0
2021-05-28,73438872.0
2021-05-29,73463038.0
2021-05-30,73497375.0
2021-05-31,73510158.0
2021-06-01,73510158.0
2021-06-02,73510158.0
2021-06-03,73624200.0
2021-06-04,73683686.0
2021-06-05,73719164.0
2021-06-06,73759550.0
2021-06-07,73797771.0
2021-06-08,73849530.0
2021-06-09,73900191.0
2021-06-10,73919208.0
2021-06-11,73952242.0
2021-06-12,73978203.0
2021-06-13,74021567.0
2021-06-14,74052123.0
2021-06-15,74063489.0
2021-06-23,74424320.0
2021-06-24,74424320.0
2021-06-25,74424320.0
2021-06-26,74424320.0
2021-06-27,74424320.0
2021-06-28,74449608.0
2021-06-29,74485611.0
2021-06-30,74526447.0
2021-07-01,74557357.0
2021-07-02,74572896.0
2021-07-03,74591958.0
2021-07-04,74605463.0
2021-07-05,74623842.0
2021-07-06,74641798.0
2021-07-07,74661471.0
2021-07-08,74676007.0
2021-07-09,74689421.0
2021-07-10,74718691.0
2021-07-11,74733228.0
2021-07-12,74751819.0
2021-07-13,74765710.0
2021-07-14,74787600.0
2021-07-15,74801954.0
2021-07-16,74815518.0
2021-07-17,74833402.0
2021-07-18,74848579.0
2021-07-19,74868412.0
2021-07-20,74886765.0
2021-07-21,74909841.0
2021-07-22,74924471.0
2021-07-23,74938171.0
2021-07-24,74961568.0
2021-07-25,74978529.0
2021-07-26,75001361.0
2021-07-27,75018446.0
2021-07-28,75045020.0
2021-07-29,75061904.0
2021-07-30,75082622.0
2021-07-31,75104189.0
2021-08-01,75118408.0
2021-08-02,75139114.0
2021-08-03,75154024.0
2021-08-04,75178602.0
2021-08-05,75197786.0
2021-08-06,75214478.0
2021-08-07,75238831.0
2021-08-08,75258445.0
2021-08-09,75283945.0
2021-08-10,75305160.0
2021-08-11,75336013.0
2021-08-12,75368411.0
2021-08-13,75430766.0
2021-08-14,75566791.0
2021-08-15,75591608.0
2021-08-16,75619379.0
2021-08-17,75660018.0
2021-08-18,75721998.0
2021-08-19,75785507.0
2021-08-20,75844665.0
2021-08-21,75905169.0
2021-08-22,75946117.0
2021-08-23,76022034.0
2021-08-24,76072385.0
2021-08-25,76164167.0
2021-08-26,76204344.0
2021-08-27,76224079.0
2021-08-28,76245365.0
2021-08-29,76267810.0
2021-08-30,76288026.0
2021-08-31,76314536.0
2021-09-01,76335693.0
2021-09-02,76360954.0
2021-09-03,76379504.0
2021-09-04,76407261.0
2021-09-05,76427190.0
2021-09-06,76453536.0
2021-09-07,76483094.0
2021-09-08,76504240.0
2021-09-09,76530641.0
2021-09-10,76551550.0
2021-09-11,76575695.0
2021-09-12,76596406.0
2021-09-13,76614030.0
2021-09-14,76643664.0
2021-09-15,76661073.0
2021-09-16,76685092.0
2021-09-17,76703465.0
2021-09-18,76727411.0
2021-09-19,76741922.0
2021-09-20,76758412.0
2021-09-21,76781174.0
2021-09-22,76800690.0
2021-09-23,76830089.0
2021-09-24,76860790.0
2021-09-25,76915829.0
2021-09-26,76952225.0
2021-09-27,76987636.0
2021-09-28,77024898.0
2021-09-29,77068146.0
2021-09-30,77118414.0
2021-10-01,77138085.0
2021-10-02,77162858.0
2021-10-03,77182970.0
2021-10-04,77211165.0
2021-10-05,77247971.0
2021-10-06,77272645.0
2021-10-07,77305998.0
2021-10-08,77334784.0
2021-10-09,77385297.0
2021-10-10,77419701.0
2021-10-11,77470031.0
2021-10-12,77526791.0
2021-10-13,77565819.0
2021-10-14,77619197.0
2021-10-15,77657675.0
2021-10-16,77694910.0
2021-10-17,77719946.0
2021-10-18,77745372.0
2021-10-19,77781139.0
2021-10-20,77814069.0
2021-10-21,77854371.0
2021-10-22,77881078.0
2021-10-23,77916029.0
2021-10-24,77945070.0
2021-10-25,77963440.0
2021-10-26,77995953.0
2021-10-27,78056699.0
2021-10-28,78234753.0
2021-10-29,78330464.0
2021-10-30,78453399.0
2021-10-31,78526717.0
2021-11-01,78600118.0
2021-11-02,78726938.0
2021-11-03,78813568.0
2021-11-04,78854363.0
2021-11-05,78877628.0
2021-11-06,78907308.0
2021-11-07,78928475.0
2021-11-08,78949959.0
2021-11-09,78983880.0
2021-11-10,79014265.0
2021-11-11,79044345.0
2021-11-12,79069148.0
2021-11-13,79088382.0
2021-11-14,79106032.0
2021-11-15,79134603.0
2021-11-16,79157928.0
2021-11-17,79185928.0
2021-11-18,79207196.0
2021-11-19,79240886.0
2021-11-20,79263678.0
2021-11-21,79290368.0
2021-11-22,79323067.0
2021-11-23,79345345.0
2021-11-24,79372482.0
2021-11-25,79394256.0
2021-11-26,79437051.0
2021-11-27,79465802.0
2021-11-28,79497488.0
2021-11-29,79539631.0
2021-11-30,79564829.0
2021-12-01,79596597.0
2021-12-02,79617983.0
2021-12-03,79648596.0
2021-12-04,79669405.0
2021-12-05,79691845.0
2021-12-06,79718879.0
2021-12-07,79736958.0
2021-12-08,79765217.0
2021-12-09,79782547.0
2021-12-10,79802664.0
2021-12-11,79822447.0
2021-12-12,79844469.0
2021-12-13,79875566.0
2021-12-14,79896511.0
2021-12-15,79930972.0
2021-12-16,79948830.0
2021-12-17,79967430.0
2021-12-18,79988946.0
2021-12-19,80003727.0
2021-12-20,80025125.0
2021-12-21,80041033.0
2021-12-22,80065026.0
2021-12-23,80080554.0
2021-12-24,80098385.0
2021-12-25,80118989.0
2021-12-26,80133394.0
2021-12-27,80155152.0
2021-12-28,80173311.0
2021-12-29,80198267.0
2021-12-30,80216994.0
2021-12-31,80235416.0
2022-01-01,80257275.0
2022-01-02,80284756.0
2022-01-03,80395235.0
2022-01-04,80485588.0
2022-01-05,80566700.0
2022-01-06,80590371.0
2022-01-07,80611520.0
2022-01-08,80640496.0
2022-01-09,80669422.0
2022-01-10,80705955.0
2022-01-11,80731171.0
2022-01-12,80758704.0
2022-01-13,80783522.0
2022-01-14,80806886.0
2022-01-15,80828583.0
2022-01-16,80862286.0
2022-01-17,80887860.0
2022-01-18,80926552.0
2022-01-19,80950987.0
2022-01-20,80984735.0
2022-01-21,81006522.0
2022-01-22,81031042.0
2022-01-23,81059244.0
2022-01-24,81081621.0
2022-01-25,81106246.0
2022-01-26,81127912.0
2022-01-27,81142847.0
2022-01-28,81161041.0
2022-01-29,81177298.0
2022-01-30,81195684.0
2022-01-31,81211670.0
2022-02-01,81225430.0
2022-02-02,81246046.0
2022-02-03,81259122.0
2022-02-04,81278517.0
2022-02-05,81294212.0
2022-02-06,81311345.0
2022-02-07,81325780.0
2022-02-08,81338786.0
2022-02-09,81358610.0
2022-02-10,81371914.0
2022-02-11,81389605.0
2022-02-12,81403466.0
2022-02-13,81422319.0
2022-02-14,81433232.0
2022-02-15,81443520.0
2022-02-16,81461058.0
2022-02-17,81473667.0
2022-02-18,81487568.0
